categoria,categoriaF,categoriaS,ciudad,ciudadF,comunidad,comunidadF,contenido,creador,discapacidad,educacion,educacionF,educacionReq,educacionReqF,educacionS,email,empresaSocial,fechaCreacion,fechaCreacionBoost,fechaCreacionPortal,fechaRevision,id,jornada,jornadaF,localizacion,minExperiencia,oReq,oferta,origen,pais,paisF,paisS,provincia,provinciaF,provinciaLimitrofe,provinciaS,salarioMax,salarioMin,score,speState,speStateId,subcategoria,subcategoriaF,subcategoriaS,telefono,tipoContratoN,titulo,trabajosOfertados,url,verMail,verTelefono,web
14,ELECTRICIDAD/ELECTRÓNICA/ENERGÍA,ELECTRICIDAD/ELECTRÓNICA/ENERGÍA,NA,NA,8,CASTILLA Y LEÓN,"Mantenimiento de Instalaciones eléctricas, varios arreglos de mantenimiento en general, tanto fontanería como carpintería.",Axial Ingeniería,False,5,"FP I, Ciclo de Grado Medio",05010,Electricidad y Electrónica,"FP I, Ciclo de Grado Medio",NA,False,2018-11-02T11:42:19Z,2018-11-02T00:00:00Z,2018-11-04T00:00:00Z,2018-11-06T00:00:00Z,1734705089,1,COMPLETA,"40.656685,-4.681209",3,Importante tener experiencia.,Contrato según convenio Obra y Servicio. Jornada completa.,WEB,724,ESPAÑA,ESPAÑA,5,ÁVILA,['ÁVILA'],ÁVILA,1200,1000,1.1753601,Activa,1,14001,ELECTRICIDAD,ELECTRICIDAD,NA,3,"Operario usos multiples, electricidad, fontaneria, carpinteria",1,-,NA,NA,http://www.axialingenieria.net/
13,EDUCACIÓN/SERVICIOS SOCIALES,EDUCACIÓN/SERVICIOS SOCIALES,45168,Toledo,7,CASTILLA LA MANCHA,"Se precisa un educador/monitor para la ejecución de actividades didácticas en Museo de Toledo.
Requisitos:
Grado en Historia del Arte, Historia o Bellas Artes.
Experiencia demostrable de un año en atención de grupos como guía, divulgación y mediación cultural en museos.
Se ofrece contrato de obra y servicio en convenio de ocio educativo.
Categoría Monitor Ocio Educativo.
Trabajo bajo demanda por semanas alternas.
Horario de mañana de martes a viernes. (3 horas diarias)
Imprescindible residencia en Toledo.","CALLE PAULINA HARRIET, 27",False,7,Diplomado o Ingeniero Técnico,07043,Otras titulaciones (diplomados),Diplomado o Ingeniero Técnico,mariajose.saenz@evento.es,False,2018-11-04T10:03:41Z,2018-11-04T00:00:00Z,2018-11-04T00:00:00Z,2018-11-08T01:00:00Z,1734716920,2,PARCIAL,"39.862832,-4.027323",2,NA,NA,WEB,724,ESPAÑA,ESPAÑA,45,TOLEDO,['TOLEDO'],TOLEDO,13185,13185,1.1753601,Activa,1,13003,BIBLIOTECAS/ARCHIVOS/MUSEOS,BIBLIOTECAS/ARCHIVOS/MUSEOS,NA,3,Educador Guía para Museo en Toledo. Atención a escolares. Categoria Monitor Ocio Educativo.,1,-,True,NA,www.evento.es
05,ARQUITECTURA/DISEÑO,ARQUITECTURA/DISEÑO,16078,Cuenca,7,CASTILLA LA MANCHA,"Estudio de Arquitectura. Apoyo a la oficina de proyectos,  gabinete pericial y departamento de tasaciones.",ATIE Arquitectura,False,8,Licenciado o Ingeniero Superior,08003,Arquitecto,Licenciado o Ingeniero Superior,info@atiearquitectura.com,False,2018-09-17T08:21:23Z,2018-09-17T00:00:00Z,2018-11-03T00:00:00Z,2018-11-16T00:00:00Z,1734188007,1,COMPLETA,"40.070393,-2.137416",1,Imprescindible permiso de conducir B,No necesario experiencia previa. El solicitante será formado por la empresa. Estabilidad laboral,WEB,724,ESPAÑA,ESPAÑA,16,CUENCA,['CUENCA'],CUENCA,1200,900,1.1726974,Activa,1,05001,ARQUITECTOS,ARQUITECTOS,656459168,1,SE PRECISA ARQUITECTO NOVEL,1,-,True,True,www.atiearquitectura.com
17,INFORMÁTICA/TELECOMUNICACIONES,INFORMÁTICA/TELECOMUNICACIONES,08019,Barcelona,9,CATALUÑA,"We are seeking energetic and motivated sales professionals to join our enterprise account acquisition team. The ideal candidate will have strong new business development experience with a proven track record of selling complex, six to seven figure, technical solutions (information technology or other comparable offerings) to mid to large enterprise clients. As an enterprise acquisition account representative, you will be assigned 5 to 10 enterprise accounts in the Spanish market.
  
Responsibilities 
•Conduct market and customer research to expand commercial insight necessary to build effective customer call plans and sales strategies
•Drive a high volume of high value prospecting and business development activities, to include lead management, needed to reach key decision makers/influencers (technical and business) inside pursuit accounts
•Drive account strategies and coordinate team selling efforts with partners, specialist, management and technical resources necessary to close business.
•Through a rigorous and subject rich training agenda, you will become sale proficient with Hitachi Vantara’s solutions while becoming conversational ready on how Hitachi Vantara delivers business value to its customers and prospects.
•Managing forecast and updating activity plans inside Salesforce




Requirements
•A minimum of 6 years of field sales experience specializing in new logo acquisition and/or new business development.
•An avid hunter with a proven track record of sourcing new leads and leveraging social networking to gain access to decision-makers/influencers necessary to close business.
•Some inside sales or telemarketing experience is a plus.
•Domain knowledge of large enterprise IT environments and corporate buying centers is critical.
•Relationship and sell with experiences with top VARs and Integrators.
•Subject matter expertise in data storage, data management, data analytics and other IT services.","Hitachi Vantara, S.A.U.",True,8,Licenciado o Ingeniero Superior,08081,Otras licenciaturas,Licenciado o Ingeniero Superior,NA,False,2018-11-03T11:47:25Z,2018-11-03T00:00:00Z,2018-11-03T00:00:00Z,2019-03-31T01:00:00Z,1734712694,1,COMPLETA,"41.385064,2.173404",4,"•Consistent track record of achieving annual quota targets •Excellent deal management and problem solving skills.
•Develop meaningful account plans. •Strong work ethic and thrives in a fast pace, high growth and matrixed organizational environment.•Desire to learn and acquire new skills and product knowledge.•Must be a proficient user of SalesForce and other MS Office tools.","Horario Flexible, Beneficios sociales, salario varible",WEB,724,ESPAÑA,ESPAÑA,8,BARCELONA,['BARCELONA'],BARCELONA,85800,46200,1.1726974,Activa,1,17002,SISTEMAS/SEGURIDAD/REDES,SISTEMAS/SEGURIDAD/REDES,NA,2,Enterprise Sales Account Manager,1,-,NA,NA,www.hitachivantara.com
01,ADMINISTRACIÓN,ADMINISTRACIÓN,NA,NA,1,ANDALUCÍA,-,José María Arjona Tejado,False,5,"FP I, Ciclo de Grado Medio",05004,Administración,"FP I, Ciclo de Grado Medio",NA,False,2018-11-03T08:03:23Z,2018-11-03T00:00:00Z,2018-11-03T00:00:00Z,2018-11-03T01:05:05Z,1672466066,1,COMPLETA,"37.3890924,-5.9844589",NA,NA,NA,SAE,724,ESPAÑA,ESPAÑA,41,SEVILLA,['SEVILLA'],SEVILLA,NA,NA,1.1726974,Activa,1,NA,NA,NA,NA,2,Administración,1,https://ws054.juntadeandalucia.es/eureka2/eureka-demandantes/detalleOferta.do?ofertaId=66633&tipoOferta=EA&origen=&listado=true,NA,NA,NA
04,APRENDICES/PRIMER EMPLEO,APRENDICES/PRIMER EMPLEO,NA,NA,1,ANDALUCÍA,OFERTA DE EMPLEO DE MONITOR/A ESCOLAR. Nº REFERENCIA O.E. 262/18. INTERINIDAD POR INCAPACIDAD TEMPORAL.,Oficina del Servicio Andaluz de Empleo,False,NA,NA,NA,NA,NA,NA,False,2018-11-03T08:03:23Z,2018-11-03T00:00:00Z,2018-11-03T00:00:00Z,2018-11-03T01:05:05Z,1672466068,2,PARCIAL,"36.721261,-4.4212655",NA,NA,NA,SAE,724,ESPAÑA,ESPAÑA,29,MÁLAGA,['MÁLAGA'],MÁLAGA,NA,688,1.1726974,Activa,1,NA,NA,NA,NA,3,"TÉCNICOS ADMINISTRATIVOS, EN GENERAL",1,https://ws054.juntadeandalucia.es/eureka2/eureka-demandantes/detalleOferta.do?ofertaId=660802&tipoOferta=01&origen=&listado=true,NA,NA,NA
19,CUIDADOS/ASISTENCIA EN EL HOGAR,CUIDADOS/ASISTENCIA EN EL HOGAR,NA,NA,1,ANDALUCÍA,"Tipo de Oferta:EMPLEO PÚBLICO. SE OFERTA UN PUESTO DE PERSONAL DE LIMPIEZA O LIMPIADORES EN GENERAL, PARA LIMPIEZA DE EDIFICIOS MUNICIPALES DEL AYUNTAMIENTO DE SANTIAGO-PONTONES (JAEN). DURACIÓN DEL CONTRATO UN MES, JORNADA A TIEMPO PARCIAL DE CINCO HORAS AL DÍA DE LUNES A VIERNES. SUELDO 640 EUROS BRUTOS AL MES. FECHA DE INCORPORACION AL TRABAJO: 12-11-2018 APROXIMADAMENTE.",Oficina del Servicio Andaluz de Empleo,False,NA,NA,NA,NA,NA,NA,False,2018-11-03T08:03:23Z,2018-11-03T00:00:00Z,2018-11-03T00:00:00Z,2018-11-03T01:05:05Z,1672466067,2,PARCIAL,"37.7795941,-3.784905699999999",NA,NA,NA,SAE,724,ESPAÑA,ESPAÑA,23,JAÉN,['JAÉN'],JAÉN,NA,640,1.1726974,Activa,1,19004,LIMPIEZA,LIMPIEZA,NA,3,PERSONAL DE LIMPIEZA O LIMPIADORES EN GENERAL,1,https://ws054.juntadeandalucia.es/eureka2/eureka-demandantes/detalleOferta.do?ofertaId=660828&tipoOferta=01&origen=&listado=true,NA,NA,NA
01,ADMINISTRACIÓN,ADMINISTRACIÓN,NA,NA,1,ANDALUCÍA,Departamento Administración,Administración,False,5,"FP I, Ciclo de Grado Medio",05004,Administración,"FP I, Ciclo de Grado Medio",NA,False,2018-11-03T09:07:54Z,2018-11-03T00:00:00Z,2018-11-03T00:00:00Z,2018-11-03T01:05:05Z,1672466069,1,COMPLETA,"37.3890924,-5.9844589",NA,NA,NA,SAE,724,ESPAÑA,ESPAÑA,41,SEVILLA,['SEVILLA'],SEVILLA,NA,NA,1.1726974,Activa,1,NA,NA,NA,NA,2,Administración,1,https://ws054.juntadeandalucia.es/eureka2/eureka-demandantes/detalleOferta.do?ofertaId=66635&tipoOferta=EA&origen=&listado=true,NA,NA,NA
01,ADMINISTRACIÓN,ADMINISTRACIÓN,48020,Bilbao,16,PAÍS VASCO,ADMINISTRATIVO/A CON CONOCIMIENTOS DE CONTABILIDAD Y SEGURIDAD SOCIAL. IMPRESCINDIBLE GRADO MEDIO EN GESTION ADMINISTRATIVA PARA CONTRATO EN PRÁCTICAS A JORNADA COMPLETA. SALARIO BRUTO APROXIMADO 800¿. DESEMPLEADO,NA,False,6,"FP II, Ciclo de Grado Superior",NA,NA,"FP II, Ciclo de Grado Superior",NA,False,2018-08-01T13:10:19Z,2018-08-01T00:00:00Z,2018-11-03T00:00:00Z,2018-11-03T01:05:05Z,1533916992,NA,NA,"42.9896248,-2.6189273",NA,NA,NA,LANBIDE,724,ESPAÑA,ESPAÑA,48,VIZCAYA,['VIZCAYA'],VIZCAYA,NA,NA,1.1726974,Activa,1,NA,NA,NA,NA,3,AUXILIAR ADMINISTRATIVO/A,1,http://apps.lanbide.euskadi.net/apps/OF_DETALLE_OFERTA_TRABAJO?LG=C&ML=OFEMEN1&MS=Eaaa&CTRG=1&ORGN=LG&IDRG=162018008275,NA,NA,NA
18,INGENIERÍA/CALIDAD/CIENCIAS,INGENIERÍA/CALIDAD/CIENCIAS,NA,NA,1,ANDALUCÍA,-,Técnico/a (Ingeniería),False,6,"FP II, Ciclo de Grado Superior",NA,NA,"FP II, Ciclo de Grado Superior",NA,False,2018-11-03T18:32:50Z,2018-11-03T00:00:00Z,2018-11-03T00:00:00Z,2018-11-03T01:05:05Z,1672801076,1,COMPLETA,"37.3890924,-5.9844589",NA,NA,NA,SAE,724,ESPAÑA,ESPAÑA,41,SEVILLA,['SEVILLA'],SEVILLA,NA,NA,1.1726974,Activa,1,18003,INGENIERÍAS,INGENIERÍAS,NA,2,Técnico/a (Ingeniería),1,https://ws054.juntadeandalucia.es/eureka2/eureka-demandantes/detalleOferta.do?ofertaId=66641&tipoOferta=EA&origen=&listado=true,NA,NA,NA
11,DERECHO/PSICOLOGÍA/CIENCIAS SOCIALES,DERECHO/PSICOLOGÍA/CIENCIAS SOCIALES,NA,NA,1,ANDALUCÍA,-,Gestor/a,False,NA,NA,NA,NA,NA,NA,False,2018-11-03T18:32:50Z,2018-11-03T00:00:00Z,2018-11-03T00:00:00Z,2018-11-03T01:05:05Z,1672801077,1,COMPLETA,"37.3890924,-5.9844589",NA,NA,NA,SAE,724,ESPAÑA,ESPAÑA,41,SEVILLA,['SEVILLA'],SEVILLA,NA,NA,1.1726974,Activa,1,11005,OTROS PROFESIONALES,OTROS PROFESIONALES,NA,2,Gestor/a,1,https://ws054.juntadeandalucia.es/eureka2/eureka-demandantes/detalleOferta.do?ofertaId=66638&tipoOferta=EA&origen=&listado=true,NA,NA,NA
05,ARQUITECTURA/DISEÑO,ARQUITECTURA/DISEÑO,NA,NA,1,ANDALUCÍA,-,Técnico/a (Arquitectura),False,6,"FP II, Ciclo de Grado Superior",NA,NA,"FP II, Ciclo de Grado Superior",NA,False,2018-11-03T18:32:50Z,2018-11-03T00:00:00Z,2018-11-03T00:00:00Z,2018-11-03T01:05:05Z,1672801075,1,COMPLETA,"37.3890924,-5.9844589",NA,NA,NA,SAE,724,ESPAÑA,ESPAÑA,41,SEVILLA,['SEVILLA'],SEVILLA,NA,NA,1.1726974,Activa,1,NA,NA,NA,NA,2,Técnico/a (Arquitectura),1,https://ws054.juntadeandalucia.es/eureka2/eureka-demandantes/detalleOferta.do?ofertaId=66642&tipoOferta=EA&origen=&listado=true,NA,NA,NA
22,SALUD/DEPORTE,SALUD/DEPORTE,14038,Lucena,1,ANDALUCÍA,"Se ofrece puesto de comercial para visitar y atender a tiendas de deporte en toda España y Portugal. Se requiere persona dinámica de 25 a 35 años con disponibilidad para viajar que disponga de tablet u ordenador portatil propio, de la zona de Lucena y alrededores. Se debe realizar test de acceso en http://www.sevencanada.com/empleo/ - Formación y seguimiento personal con director comercial - Sueldo fijo 1200€ + alta + gastos viaje (dieta, gasoil y hotel). Vehiculo por cuenta de empresa. Posibilidad de ascenso en empresa con altas opciones de crecimiento. Marcas en exclusiva: Converse, Lyle & Scott y Juicy Couture. Recomendamos este empleo para todas aquellas personas extrovertidas, que les guste conducir, viajar y con altas cualidades para la venta.",NA,False,1,Sin estudios,07029,Maestro (Educación Infantil),Sin estudios,NA,False,2018-02-27T17:06:52Z,2018-02-27T00:00:00Z,2018-11-03T00:00:00Z,2018-11-03T01:05:05Z,1405676507,1,COMPLETA,"37.4129332,-4.4961008",1,NA,NA,INSERTIA,724,ESPAÑA,ESPAÑA,14,CÓRDOBA,['CÓRDOBA'],CÓRDOBA,NA,1100,1.1726974,Activa,1,22005,FISIOTERAPIA/DEPORTE/MANTENIMIENTO FISIC,FISIOTERAPIA/DEPORTE/MANTENIMIENTO FISIC,NA,2,COMERCIAL VENTA TIENDAS DEPORTE,1,https://www.insertia.net/empleo/oferta-de-empleo_comercial-venta-tiendas-deporte-en-cordoba_ref_27501854.html,NA,NA,NA
16,HOSTELERÍA/TURISMO,HOSTELERÍA/TURISMO,NA,NA,9,CATALUÑA,"1 ajudant/a de cuina i 2 cambrers/eres per restaurant de camping de pla de l'estany per tot l'any incorporaciò immediataajudant/a de cuina amb mobilitat funcional disn de la cuina, i 2 cambrers/eres de menjador i barra",GiAd'Ed'H El -Teu Cuiner de Girona,False,NA,NA,NA,NA,NA,NA,False,2018-11-03T20:54:04Z,2018-11-03T00:00:00Z,2018-11-03T00:00:00Z,2018-11-03T01:05:05Z,1672847083,1,COMPLETA,"41.9794005,2.8214264",NA,NA,NA,SOC,724,ESPAÑA,ESPAÑA,17,GIRONA,['GIRONA'],GIRONA,NA,NA,1.1726974,Activa,1,16004,CAMAREROS,CAMAREROS,NA,2,ajundant/a de cuina i cambrers/eres,3,http://feinaactiva.gencat.cat/web/guest/home?p_p_id=jobsLocator_WAR_psocwebjobslocator&p_p_lifecycle=0&p_p_state=maximized&p_p_mode=view&_jobsLocator_WAR_psocwebjobslocator_struts_action=%2Fjobslocator%2FprocessView&saveLastPath=0&jobCode=4362130,NA,NA,NA
10,DEPENDIENTES/INFORMACIÓN,DEPENDIENTES/INFORMACIÓN,08114,Martorell,9,CATALUÑA,"Importante empresa de distribución de juguetes, puericultura y hobby, con diversos puntos de venta en Cataluña busca dependientes/as para nuestro punto de venta de MARTORELL. Disponibilidad para trabajar de lunes a domingo en horarios de comercio. Disponibilidad para trabajar fines de semana y festivos todo el año. Disponibilidad horaria completa para cubrir con turnos rotativos. Buscamos personas activas, polivalentes, orientadas al cliente y con ganas de poder desarrollarse profesionalmente en una empresa en continuo crecimiento. Se valorará experiencia.Atención al cliente, reposición del producto, caja, limpieza, entre otros.",TOYS CENTRE SL,False,NA,NA,NA,NA,NA,NA,False,2018-11-03T20:54:04Z,2018-11-03T00:00:00Z,2018-11-03T00:00:00Z,2018-11-03T01:05:05Z,1672847082,2,PARCIAL,"41.4795041,1.923048",NA,NA,NA,SOC,724,ESPAÑA,ESPAÑA,8,BARCELONA,['BARCELONA'],BARCELONA,NA,NA,1.1726974,Activa,1,10002,DEPENDIENTES,DEPENDIENTES,NA,3,Dependiente/a CONGOST (MARTORELL),1,http://feinaactiva.gencat.cat/web/guest/home?p_p_id=jobsLocator_WAR_psocwebjobslocator&p_p_lifecycle=0&p_p_state=maximized&p_p_mode=view&_jobsLocator_WAR_psocwebjobslocator_struts_action=%2Fjobslocator%2FprocessView&saveLastPath=0&jobCode=4362131,NA,NA,NA
16,HOSTELERÍA/TURISMO,HOSTELERÍA/TURISMO,17073,Fornells de la Selva,9,CATALUÑA,"cambrers/eres de menjador i barra per restaurant a Fornells de la Selva, a 10 minuts en cotxe de Girona i transport public a prop, per tot l'any incorporaciò immediataservir taules i cafeteria",GiAd'Ed'H El -Teu Cuiner de Girona,False,NA,NA,NA,NA,NA,NA,False,2018-11-03T20:54:04Z,2018-11-03T00:00:00Z,2018-11-03T00:00:00Z,2018-11-03T01:05:05Z,1672847081,1,COMPLETA,"41.9312102,2.8116007",NA,NA,NA,SOC,724,ESPAÑA,ESPAÑA,17,GIRONA,['GIRONA'],GIRONA,NA,NA,1.1726974,Activa,1,16004,CAMAREROS,CAMAREROS,NA,2,cambrers/eres per restaurant a prop de Girona,4,http://feinaactiva.gencat.cat/web/guest/home?p_p_id=jobsLocator_WAR_psocwebjobslocator&p_p_lifecycle=0&p_p_state=maximized&p_p_mode=view&_jobsLocator_WAR_psocwebjobslocator_struts_action=%2Fjobslocator%2FprocessView&saveLastPath=0&jobCode=4362128,NA,NA,NA
16,HOSTELERÍA/TURISMO,HOSTELERÍA/TURISMO,NA,NA,9,CATALUÑA,"responsable de cambrers/eres ,cap de sala i barra per restaurant de camping per tot l'any, incorporaciò immediataencarregar-se i gestionar cambrers/eres, servei de sala i barra",GiAd'Ed'H El -Teu Cuiner de Girona,False,NA,NA,NA,NA,NA,NA,False,2018-11-03T20:54:04Z,2018-11-03T00:00:00Z,2018-11-03T00:00:00Z,2018-11-03T01:05:05Z,1672847080,1,COMPLETA,"41.9794005,2.8214264",NA,NA,NA,SOC,724,ESPAÑA,ESPAÑA,17,GIRONA,['GIRONA'],GIRONA,NA,NA,1.1726974,Activa,1,16004,CAMAREROS,CAMAREROS,NA,2,"responsable de cambrers/eres ,cap de sala i barra",1,http://feinaactiva.gencat.cat/web/guest/home?p_p_id=jobsLocator_WAR_psocwebjobslocator&p_p_lifecycle=0&p_p_state=maximized&p_p_mode=view&_jobsLocator_WAR_psocwebjobslocator_struts_action=%2Fjobslocator%2FprocessView&saveLastPath=0&jobCode=4362127,NA,NA,NA
16,HOSTELERÍA/TURISMO,HOSTELERÍA/TURISMO,17161,Sant Feliu De Pallerols,9,CATALUÑA,ajudant/a de cuina per hotel de 5 estrelles a Sant Feliu de Pallarols incorporaciò immediata per tot l'anyajudant/a de cuina amb mobilitat funcional,GiAd'Ed'H El -Teu Cuiner de Girona,False,NA,NA,NA,NA,NA,NA,False,2018-11-03T22:59:23Z,2018-11-03T00:00:00Z,2018-11-03T00:00:00Z,2018-11-03T01:05:05Z,1672847087,1,COMPLETA,"42.076817,2.5086539",NA,NA,NA,SOC,724,ESPAÑA,ESPAÑA,17,GIRONA,['GIRONA'],GIRONA,NA,NA,1.1726974,Activa,1,16003,AYUDANTES DE COCINA/COMIDA RÁPIDA,AYUDANTES DE COCINA/COMIDA RÁPIDA,NA,2,ajundant/a de cuina per hotel 5 estrelles,1,http://feinaactiva.gencat.cat/web/guest/home?p_p_id=jobsLocator_WAR_psocwebjobslocator&p_p_lifecycle=0&p_p_state=maximized&p_p_mode=view&_jobsLocator_WAR_psocwebjobslocator_struts_action=%2Fjobslocator%2FprocessView&saveLastPath=0&jobCode=4362142,NA,NA,NA
06,COMERCIAL/VENTAS,COMERCIAL/VENTAS,08266,Cerdanyola del Vallès,9,CATALUÑA,"Expendedor-Vendedor en Estación de ServicioTrabajar fines de semana (sábados y domingo) y festivos. Atender al cliente, el cobro en tienda de los productos, atender la recepción de proveedores y mantener las instalaciones limpias y ordenadas.",Cedipsa,False,NA,NA,NA,NA,NA,NA,False,2018-11-03T22:59:23Z,2018-11-03T00:00:00Z,2018-11-03T00:00:00Z,2018-11-03T01:05:05Z,1672847086,2,PARCIAL,"41.4900419,2.1396748",NA,NA,NA,SOC,724,ESPAÑA,ESPAÑA,8,BARCELONA,['BARCELONA'],BARCELONA,NA,500,1.1726974,Activa,1,06003,VENDEDORES,VENDEDORES,NA,3,Expendedor - Vendedor,1,http://feinaactiva.gencat.cat/web/guest/home?p_p_id=jobsLocator_WAR_psocwebjobslocator&p_p_lifecycle=0&p_p_state=maximized&p_p_mode=view&_jobsLocator_WAR_psocwebjobslocator_struts_action=%2Fjobslocator%2FprocessView&saveLastPath=0&jobCode=4362138,NA,NA,NA
13,EDUCACIÓN/SERVICIOS SOCIALES,EDUCACIÓN/SERVICIOS SOCIALES,08298,Vic,9,CATALUÑA,pizzaiolo amb experiencia per restaurant trattoria professional a Vic per tot l'any incorporaciò immediatapizzes a l'aire i altres,GiAd'Ed'H El -Teu Cuiner de Girona,False,NA,NA,NA,NA,NA,NA,False,2018-11-03T22:59:23Z,2018-11-03T00:00:00Z,2018-11-03T00:00:00Z,2018-11-03T01:05:05Z,1672847085,1,COMPLETA,"41.9304373,2.2544335",NA,NA,NA,SOC,724,ESPAÑA,ESPAÑA,8,BARCELONA,['BARCELONA'],BARCELONA,NA,NA,1.1726974,Activa,1,13008,FORMACIÓN PROFESIONAL,FORMACIÓN PROFESIONAL,NA,2,pizzaiolo per trattoria en Vic,1,http://feinaactiva.gencat.cat/web/guest/home?p_p_id=jobsLocator_WAR_psocwebjobslocator&p_p_lifecycle=0&p_p_state=maximized&p_p_mode=view&_jobsLocator_WAR_psocwebjobslocator_struts_action=%2Fjobslocator%2FprocessView&saveLastPath=0&jobCode=4362140,NA,NA,NA
16,HOSTELERÍA/TURISMO,HOSTELERÍA/TURISMO,17073,Fornells de la Selva,9,CATALUÑA,"cuiners/res i ajudants de cuina per restaurant a 10 minuts en cotxe de Girona i transport public a prop, per tot l'any incorporaciò immediatacuina de mercat, menu, tapes, entrepans, arrossos i fideuas, quart fred i reposteria",GiAd'Ed'H El -Teu Cuiner de Girona,False,NA,NA,NA,NA,NA,NA,False,2018-11-03T20:54:04Z,2018-11-03T00:00:00Z,2018-11-03T00:00:00Z,2018-11-03T01:05:05Z,1672847084,1,COMPLETA,"41.9312102,2.8116007",NA,NA,NA,SOC,724,ESPAÑA,ESPAÑA,17,GIRONA,['GIRONA'],GIRONA,NA,NA,1.1726974,Activa,1,16005,COCINEROS,COCINEROS,NA,2,cuiners/eres i ajudants de cuina per restaurant,4,http://feinaactiva.gencat.cat/web/guest/home?p_p_id=jobsLocator_WAR_psocwebjobslocator&p_p_lifecycle=0&p_p_state=maximized&p_p_mode=view&_jobsLocator_WAR_psocwebjobslocator_struts_action=%2Fjobslocator%2FprocessView&saveLastPath=0&jobCode=4362129,NA,NA,NA
16,HOSTELERÍA/TURISMO,HOSTELERÍA/TURISMO,08298,Vic,9,CATALUÑA,"cambrers/eres de sala i barra per hotel a Vic per tot l'any incorporaciò immediataservir taules, català, castellà i altres idiomes valorable",GiAd'Ed'H El -Teu Cuiner de Girona,False,NA,NA,NA,NA,NA,NA,False,2018-11-03T22:59:23Z,2018-11-03T00:00:00Z,2018-11-03T00:00:00Z,2018-11-03T01:05:05Z,1672847091,1,COMPLETA,"41.9304373,2.2544335",NA,NA,NA,SOC,724,ESPAÑA,ESPAÑA,8,BARCELONA,['BARCELONA'],BARCELONA,NA,NA,1.1726974,Activa,1,16004,CAMAREROS,CAMAREROS,NA,2,cambrer/a de sala i barra amb experiencia,2,http://feinaactiva.gencat.cat/web/guest/home?p_p_id=jobsLocator_WAR_psocwebjobslocator&p_p_lifecycle=0&p_p_state=maximized&p_p_mode=view&_jobsLocator_WAR_psocwebjobslocator_struts_action=%2Fjobslocator%2FprocessView&saveLastPath=0&jobCode=4362136,NA,NA,NA
16,HOSTELERÍA/TURISMO,HOSTELERÍA/TURISMO,NA,NA,9,CATALUÑA,"cap de cuina de dilluns a dissabte matins , menu casolans i esmorzars de forquilla per bar-restaurant a Argelaguer per tot l'any incorporaciò immediataresponsable i gestiò de cuina, menus diaris cuina casolana i esmorzars de forquilla",GiAd'Ed'H El -Teu Cuiner de Girona,False,NA,NA,NA,NA,NA,NA,False,2018-11-03T22:59:23Z,2018-11-03T00:00:00Z,2018-11-03T00:00:00Z,2018-11-03T01:05:05Z,1672847090,1,COMPLETA,"41.9794005,2.8214264",NA,NA,NA,SOC,724,ESPAÑA,ESPAÑA,17,GIRONA,['GIRONA'],GIRONA,NA,NA,1.1726974,Activa,1,16003,AYUDANTES DE COCINA/COMIDA RÁPIDA,AYUDANTES DE COCINA/COMIDA RÁPIDA,NA,2,cap de cuina per restaurant a Argelaguer,1,http://feinaactiva.gencat.cat/web/guest/home?p_p_id=jobsLocator_WAR_psocwebjobslocator&p_p_lifecycle=0&p_p_state=maximized&p_p_mode=view&_jobsLocator_WAR_psocwebjobslocator_struts_action=%2Fjobslocator%2FprocessView&saveLastPath=0&jobCode=4362137,NA,NA,NA
16,HOSTELERÍA/TURISMO,HOSTELERÍA/TURISMO,17114,Olot,9,CATALUÑA,"cuiner/a per camping a la Garrotxamenu i tapes casolanes, esmorzars de forquilla",GiAd'Ed'H El -Teu Cuiner de Girona,False,NA,NA,NA,NA,NA,NA,False,2018-11-03T22:59:23Z,2018-11-03T00:00:00Z,2018-11-03T00:00:00Z,2018-11-03T01:05:05Z,1672847089,1,COMPLETA,"42.18220780000001,2.4880242",NA,NA,NA,SOC,724,ESPAÑA,ESPAÑA,17,GIRONA,['GIRONA'],GIRONA,NA,NA,1.1726974,Activa,1,16005,COCINEROS,COCINEROS,NA,2,cuiner/a per camping a la Garrotxa,1,http://feinaactiva.gencat.cat/web/guest/home?p_p_id=jobsLocator_WAR_psocwebjobslocator&p_p_lifecycle=0&p_p_state=maximized&p_p_mode=view&_jobsLocator_WAR_psocwebjobslocator_struts_action=%2Fjobslocator%2FprocessView&saveLastPath=0&jobCode=4362141,NA,NA,NA
16,HOSTELERÍA/TURISMO,HOSTELERÍA/TURISMO,17114,Olot,9,CATALUÑA,cambrer/a de sala per restaurant familiar gastronomic a Olot per tot l'any incorporaciò immediataservir taules,GiAd'Ed'H El -Teu Cuiner de Girona,False,NA,NA,NA,NA,NA,NA,False,2018-11-03T22:59:23Z,2018-11-03T00:00:00Z,2018-11-03T00:00:00Z,2018-11-03T01:05:05Z,1672847088,1,COMPLETA,"42.18220780000001,2.4880242",NA,NA,NA,SOC,724,ESPAÑA,ESPAÑA,17,GIRONA,['GIRONA'],GIRONA,NA,NA,1.1726974,Activa,1,16004,CAMAREROS,CAMAREROS,NA,2,cambrer/a de sala per restaurant gastronomic,1,http://feinaactiva.gencat.cat/web/guest/home?p_p_id=jobsLocator_WAR_psocwebjobslocator&p_p_lifecycle=0&p_p_state=maximized&p_p_mode=view&_jobsLocator_WAR_psocwebjobslocator_struts_action=%2Fjobslocator%2FprocessView&saveLastPath=0&jobCode=4362139,NA,NA,NA
16,HOSTELERÍA/TURISMO,HOSTELERÍA/TURISMO,NA,NA,9,CATALUÑA,"cuiners/eres i ajudants de cuina per restaurant turistic a Banyoles per tot l'anycuina de mercat, menu, carta, tapes, reposteria",GiAd'Ed'H El -Teu Cuiner de Girona,False,NA,NA,NA,NA,NA,NA,False,2018-11-03T22:59:24Z,2018-11-03T00:00:00Z,2018-11-03T00:00:00Z,2018-11-03T01:05:05Z,1672847095,1,COMPLETA,"41.9794005,2.8214264",NA,NA,NA,SOC,724,ESPAÑA,ESPAÑA,17,GIRONA,['GIRONA'],GIRONA,NA,NA,1.1726974,Activa,1,16005,COCINEROS,COCINEROS,NA,2,cuiners/eres i ajudants de cuina per Banyoles,3,http://feinaactiva.gencat.cat/web/guest/home?p_p_id=jobsLocator_WAR_psocwebjobslocator&p_p_lifecycle=0&p_p_state=maximized&p_p_mode=view&_jobsLocator_WAR_psocwebjobslocator_struts_action=%2Fjobslocator%2FprocessView&saveLastPath=0&jobCode=4362133,NA,NA,NA
16,HOSTELERÍA/TURISMO,HOSTELERÍA/TURISMO,08298,Vic,9,CATALUÑA,"responsable i gestiò de cambrers/eres, cap de sala i barra per hotel a Vic per tot l'any incorporaciò immediataresponsable i gestiò de personal de sala i barra d'hotel",GiAd'Ed'H El -Teu Cuiner de Girona,False,NA,NA,NA,NA,NA,NA,False,2018-11-03T22:59:24Z,2018-11-03T00:00:00Z,2018-11-03T00:00:00Z,2018-11-03T01:05:05Z,1672847094,1,COMPLETA,"41.9304373,2.2544335",NA,NA,NA,SOC,724,ESPAÑA,ESPAÑA,8,BARCELONA,['BARCELONA'],BARCELONA,NA,NA,1.1726974,Activa,1,16004,CAMAREROS,CAMAREROS,NA,2,"responsable de cambrers/eres ,cap de sala i barra",1,http://feinaactiva.gencat.cat/web/guest/home?p_p_id=jobsLocator_WAR_psocwebjobslocator&p_p_lifecycle=0&p_p_state=maximized&p_p_mode=view&_jobsLocator_WAR_psocwebjobslocator_struts_action=%2Fjobslocator%2FprocessView&saveLastPath=0&jobCode=4362135,NA,NA,NA
16,HOSTELERÍA/TURISMO,HOSTELERÍA/TURISMO,08298,Vic,9,CATALUÑA,"cuiners/eres i ajudants de cuina per hotel a Vic per tot l'any incorporaciò immediatamenu d'hotel, buffet, carta, esmorzars",GiAd'Ed'H El -Teu Cuiner de Girona,False,NA,NA,NA,NA,NA,NA,False,2018-11-03T22:59:23Z,2018-11-03T00:00:00Z,2018-11-03T00:00:00Z,2018-11-03T01:05:05Z,1672847093,1,COMPLETA,"41.9304373,2.2544335",NA,NA,NA,SOC,724,ESPAÑA,ESPAÑA,8,BARCELONA,['BARCELONA'],BARCELONA,NA,NA,1.1726974,Activa,1,16005,COCINEROS,COCINEROS,NA,2,cuiners/eres i ajudants de cuina per Vic,4,http://feinaactiva.gencat.cat/web/guest/home?p_p_id=jobsLocator_WAR_psocwebjobslocator&p_p_lifecycle=0&p_p_state=maximized&p_p_mode=view&_jobsLocator_WAR_psocwebjobslocator_struts_action=%2Fjobslocator%2FprocessView&saveLastPath=0&jobCode=4362134,NA,NA,NA
16,HOSTELERÍA/TURISMO,HOSTELERÍA/TURISMO,NA,NA,9,CATALUÑA,cambrers/eres per bar de tapes i terrasaservir taules en terrasa i cafeteria,GiAd'Ed'H El -Teu Cuiner de Girona,False,NA,NA,NA,NA,NA,NA,False,2018-11-03T22:59:24Z,2018-11-03T00:00:00Z,2018-11-03T00:00:00Z,2018-11-03T01:05:05Z,1672847092,1,COMPLETA,"41.9794005,2.8214264",NA,NA,NA,SOC,724,ESPAÑA,ESPAÑA,17,GIRONA,['GIRONA'],GIRONA,NA,NA,1.1726974,Activa,1,16004,CAMAREROS,CAMAREROS,NA,2,cambrers/eres per restaurant centric a Banyoles,1,http://feinaactiva.gencat.cat/web/guest/home?p_p_id=jobsLocator_WAR_psocwebjobslocator&p_p_lifecycle=0&p_p_state=maximized&p_p_mode=view&_jobsLocator_WAR_psocwebjobslocator_struts_action=%2Fjobslocator%2FprocessView&saveLastPath=0&jobCode=4362132,NA,NA,NA
06,COMERCIAL/VENTAS,COMERCIAL/VENTAS,NA,NA,1,ANDALUCÍA,-,Comercial,False,NA,NA,NA,NA,NA,NA,False,2018-11-03T18:32:50Z,2018-11-03T00:00:00Z,2018-11-03T00:00:00Z,2018-11-03T01:05:05Z,1672801078,1,COMPLETA,"37.3890924,-5.9844589",NA,NA,NA,SAE,724,ESPAÑA,ESPAÑA,41,SEVILLA,['SEVILLA'],SEVILLA,NA,NA,1.1726974,Activa,1,06001,AGENTES COMERCIALES/REPRESENTANTES,AGENTES COMERCIALES/REPRESENTANTES,NA,2,Comercial,1,https://ws054.juntadeandalucia.es/eureka2/eureka-demandantes/detalleOferta.do?ofertaId=66639&tipoOferta=EA&origen=&listado=true,NA,NA,NA
NA,NA,NA,20056,Mutriku,16,PAÍS VASCO,"Liburutegia biziberritu eta irakurzaletasuna bultzatzeko asmoarekin, liburutegiko laguntzaile bat kontratatu nahi dugu. Ezinbesteko baldintzak:1- Kultur edo gizarte dinamizatzaile titulua izatea, edota humanitate alorreko ikasketaren bat izatea, 2-EGA edo baliokidea, 3-Langabea izatea eta izena emanda egon behar dute Lanbide -Euskal Enplegu zerbitzutan lan-eskatzaile gisa, 4- 2018 ko enplegua sustatzeko toki-ekintzetarako diru-laguntzen deialdian jasota azaltzen diren kolektibo baten partaide izatea ( DSBEr DESEMPLEADO",NA,False,7,Diplomado o Ingeniero Técnico,07002,Biblioteconomía y documentación,Diplomado o Ingeniero Técnico,NA,False,2018-11-03T00:22:59Z,2018-11-03T00:00:00Z,2018-11-03T00:00:00Z,2018-11-03T01:05:05Z,1672323957,NA,NA,"43.3059287,-2.3872807",NA,NA,NA,LANBIDE,724,ESPAÑA,ESPAÑA,20,GUIPÚZCOA,['GUIPÚZCOA'],GUIPÚZCOA,NA,NA,1.1726974,Activa,1,NA,NA,NA,NA,3,LIBURUTEGIRAKO LAGUNTZAILEA,1,http://apps.lanbide.euskadi.net/apps/OF_DETALLE_OFERTA_TRABAJO?LG=C&ML=OFEMEN1&MS=Eaaa&CTRG=1&ORGN=LG&IDRG=162018012066,NA,NA,NA
17,INFORMÁTICA/TELECOMUNICACIONES,INFORMÁTICA/TELECOMUNICACIONES,48003,Amorebieta-Etxano,16,PAÍS VASCO,"Se precisa trabajador/a diseñador/a desarrollador web, especializado en PHP y con experiencia en Word Press. Debe conocer HTML, CSS y algo de JavaScript. Se valorará conocimientos de Prestashop y Joomla.",NA,False,NA,NA,NA,NA,NA,NA,False,2018-11-03T00:23:00Z,2018-11-03T00:00:00Z,2018-11-03T00:00:00Z,2018-11-03T01:05:05Z,1672323956,NA,NA,"43.2204692,-2.733068",3,NA,NA,LANBIDE,724,ESPAÑA,ESPAÑA,48,VIZCAYA,['VIZCAYA'],VIZCAYA,NA,NA,1.1726974,Activa,1,17002,SISTEMAS/SEGURIDAD/REDES,SISTEMAS/SEGURIDAD/REDES,NA,3,DISEÑADOR/DESARROLLADOR WEB,1,http://apps.lanbide.euskadi.net/apps/OF_DETALLE_OFERTA_TRABAJO?LG=C&ML=OFEMEN1&MS=Eaaa&CTRG=1&ORGN=LG&IDRG=162018012050,NA,NA,NA
19,CUIDADOS/ASISTENCIA EN EL HOGAR,CUIDADOS/ASISTENCIA EN EL HOGAR,20017,Azkoitia,16,PAÍS VASCO,"LABORES DE HOGAR: LIMPIEZA, ROPA.... JORNADA Y HORARIO: LUNES, MIERCOLES Y VIERNES DE 11 A 13. INCORPORACION INMEDIATA.",NA,False,5,"FP I, Ciclo de Grado Medio",05022,"Servicios Socioculturales, Infancia, Hogar","FP I, Ciclo de Grado Medio",NA,False,2018-11-03T00:22:59Z,2018-11-03T00:00:00Z,2018-11-03T00:00:00Z,2018-11-03T01:05:05Z,1672323959,NA,NA,"43.1776439,-2.3109203",NA,NA,NA,LANBIDE,724,ESPAÑA,ESPAÑA,20,GUIPÚZCOA,['GUIPÚZCOA'],GUIPÚZCOA,NA,NA,1.1726974,Activa,1,19005,SERVICIO DOMÉSTICO,SERVICIO DOMÉSTICO,NA,3,EMPLEADA DE HOGAR,1,http://apps.lanbide.euskadi.net/apps/OF_DETALLE_OFERTA_TRABAJO?LG=C&ML=OFEMEN1&MS=Eaaa&CTRG=1&ORGN=LG&IDRG=162018012054,NA,NA,NA
09,CONSTRUCCIÓN,CONSTRUCCIÓN,01043,Oyon/Oion,16,PAÍS VASCO,"SE OFRECE 7 PUESTOS con contrato de trabajo temporal de 6 meses de duración, a jornada completa. Sueldo de 1000¿/mes. Incorporación: A MEDIADOS DE NOVIEMBRE. FUNCIONES: Personal para realizar trabajos medio ambientales varios. IMPRESCINDIBLE: Ser persona desempleada e inscrita como demandante de empleo en LANBIDE, y residir en Oion (Requisitos del artículo 3.3 del ANEXO número 1 del ACUERDO 342/2018 del Consejo de Gobierno Foral de 26 de junio de 2018). VALORABLE: Carné de conducir DESEMPLEADO",NA,False,7,Diplomado o Ingeniero Técnico,07008,Gestión y Administración Pública,Diplomado o Ingeniero Técnico,NA,False,2018-11-03T00:22:59Z,2018-11-03T00:00:00Z,2018-11-03T00:00:00Z,2018-11-03T01:05:05Z,1672323958,NA,NA,"42.5046702,-2.4357287",NA,NA,NA,LANBIDE,724,ESPAÑA,ESPAÑA,1,ÁLAVA,['ÁLAVA'],ÁLAVA,NA,NA,1.1726974,Activa,1,09009,PEONES,PEONES,NA,3,PEÓN/A DE OBRA PÚBLICA,1,http://apps.lanbide.euskadi.net/apps/OF_DETALLE_OFERTA_TRABAJO?LG=C&ML=OFEMEN1&MS=Eaaa&CTRG=1&ORGN=LG&IDRG=162018012052,NA,NA,NA
19,CUIDADOS/ASISTENCIA EN EL HOGAR,CUIDADOS/ASISTENCIA EN EL HOGAR,20045,Irun,16,PAÍS VASCO,"PUESTO DE ACOMPAÑAMIENTO A CHEF EJECUTIVO/A EN SUS DESPLAZAMIENTOS A MARRUECOS PRINCIPALMENTE Y A OTROS PAISES SI EL TRABAJO LO REQUIERE PARA FORMAR PERSONAL EN SALA Y COCINA EN LOS CONTRATOS DE ASESORAMIENTO DE RESTAURANTE. TAMBIEN IMPLANTAR NUEVOS PROCESOS DE TRABAJO Y HACER DE INTERMEDIARIO CON EMPLEADOS, PROVEEDORES,... SE REQUIERE AL MENOS 5 AÑOS DE EXPERIENCIA EN RESTAURACION, CONOCIMIENTOS DE COCINA ESPAÑOLA Y MARROQUI, EXPERIENCIA EN SALA COMO JEFE DE RANGO, DOMINIO DE ARABAE Y CONOCIMIENTOS DE FRAN",NA,False,NA,NA,NA,NA,NA,NA,False,2018-11-03T00:22:59Z,2018-11-03T00:00:00Z,2018-11-03T00:00:00Z,2018-11-03T01:05:05Z,1672323953,NA,NA,"43.3380969,-1.7888483",4,NA,NA,LANBIDE,724,ESPAÑA,ESPAÑA,1,ÁLAVA,['ÁLAVA'],ÁLAVA,NA,NA,1.1726974,Activa,1,19005,SERVICIO DOMÉSTICO,SERVICIO DOMÉSTICO,NA,3,ASISTENTE CHEF EJECUTIVO/A,1,http://apps.lanbide.euskadi.net/apps/OF_DETALLE_OFERTA_TRABAJO?LG=C&ML=OFEMEN1&MS=Eaaa&CTRG=1&ORGN=LG&IDRG=162018012065,NA,NA,NA
17,INFORMÁTICA/TELECOMUNICACIONES,INFORMÁTICA/TELECOMUNICACIONES,01059,Vitoria-Gasteiz,16,PAÍS VASCO,"TÉCNICO/A ESPECIALISTA/DEPILACIÓN LASER.- ESTETICISTA ESPECIALIZADO/A EN DEPILACIÓN LASER. IMPRESCINDIBLE: EXPERIENCIA MÍNIMA DE 1 AÑO EN CLÍNICAS DE ESTÉTICA, GRADO MEDIO DE ESTÉTICA TITULACIÓN OFICIAL EN ESTÉTICA, DOTES DE ORGANIZACIÓN Y GESTIÓN DE AGENDAS. SE OFRECE CONTRATO DE 40 HORAS SEMANALES. CON DISPONIBILIDAD PARA TRABAJAR . SALARIO BRUTO: 13.0000 EUROS",NA,False,6,"FP II, Ciclo de Grado Superior",06013,"Imagen Personal, Estética","FP II, Ciclo de Grado Superior",NA,False,2018-11-03T00:22:59Z,2018-11-03T00:00:00Z,2018-11-03T00:00:00Z,2018-11-03T01:05:05Z,1672323952,NA,NA,"42.8591656,-2.681791800000001",2,NA,NA,LANBIDE,724,ESPAÑA,ESPAÑA,1,ÁLAVA,['ÁLAVA'],ÁLAVA,NA,NA,1.1726974,Activa,1,NA,NA,NA,NA,3,TÉCNICO/A ESPECIALISTA/DEPILACIÓN LASER,1,http://apps.lanbide.euskadi.net/apps/OF_DETALLE_OFERTA_TRABAJO?LG=C&ML=OFEMEN1&MS=Eaaa&CTRG=1&ORGN=LG&IDRG=162018012067,NA,NA,NA
06,COMERCIAL/VENTAS,COMERCIAL/VENTAS,20069,Donostia-San Sebastian,16,PAÍS VASCO,"Dependiente/a de comercio de moda y decoración, que promueve también la inclusión y la diversidad. Nos dirigimos a un público objetivo también con discapacidad u otras patologías. IMPRESCINDIBLE. Experiencia en comercio al menos de 12 meses. Francés: Nivel alto. Empatía y paciencia con el cliente, ilusión y muchas ganas de trabajar. VALORABLE: Conocimiento de otros idiomas. Contrato temporal con posibilidad de indefinido.",NA,False,NA,NA,NA,NA,NA,NA,False,2018-11-03T00:22:59Z,2018-11-03T00:00:00Z,2018-11-03T00:00:00Z,2018-11-03T01:05:05Z,1672323954,NA,NA,"43.318334,-1.9812313",2,NA,NA,LANBIDE,724,ESPAÑA,ESPAÑA,20,GUIPÚZCOA,['GUIPÚZCOA'],GUIPÚZCOA,NA,NA,1.1726974,Activa,1,06002,COMERCIO EXTERIOR,COMERCIO EXTERIOR,NA,3,DEPENDIENTE/A DE COMERCIO,1,http://apps.lanbide.euskadi.net/apps/OF_DETALLE_OFERTA_TRABAJO?LG=C&ML=OFEMEN1&MS=Eaaa&CTRG=1&ORGN=LG&IDRG=162018012063,NA,NA,NA
20,METAL/MECÁNICA,METAL/MECÁNICA,48019,Berriz,16,PAÍS VASCO,Manipular grua y carretilla elevadora. Piezas pequeñas. Discapacidad al menos 33 %. SE OFRECE: contrato temporal 12 meses a jornada completa,NA,False,NA,NA,NA,NA,NA,NA,False,2018-11-03T00:22:59Z,2018-11-03T00:00:00Z,2018-11-03T00:00:00Z,2018-11-03T01:05:05Z,1672323948,NA,NA,"43.1758507,-2.5768462",2,NA,NA,LANBIDE,724,ESPAÑA,ESPAÑA,48,VIZCAYA,['VIZCAYA'],VIZCAYA,NA,NA,1.1726974,Activa,1,20002,MAQUINA HERRAMIENTA/TORNO/FRESA,MAQUINA HERRAMIENTA/TORNO/FRESA,NA,3,OPERADOR MAQUINA CORTADORA METALES,1,http://apps.lanbide.euskadi.net/apps/OF_DETALLE_OFERTA_TRABAJO?LG=C&ML=OFEMEN1&MS=Eaaa&CTRG=1&ORGN=LG&IDRG=162018012056,NA,NA,NA
14,ELECTRICIDAD/ELECTRÓNICA/ENERGÍA,ELECTRICIDAD/ELECTRÓNICA/ENERGÍA,48094,Igorre,16,PAÍS VASCO,Instalaciones eléctricas industriales. Experiencia minima de 1 año. CFGM o CFGS Electricidad,NA,False,NA,NA,NA,NA,NA,NA,False,2018-11-03T00:22:59Z,2018-11-03T00:00:00Z,2018-11-03T00:00:00Z,2018-11-03T01:05:05Z,1672323951,NA,NA,"43.1643497,-2.7792444",2,NA,NA,LANBIDE,724,ESPAÑA,ESPAÑA,48,VIZCAYA,['VIZCAYA'],VIZCAYA,NA,NA,1.1726974,Activa,1,14001,ELECTRICIDAD,ELECTRICIDAD,NA,3,INSTALADOR ELECTRICISTA,1,http://apps.lanbide.euskadi.net/apps/OF_DETALLE_OFERTA_TRABAJO?LG=C&ML=OFEMEN1&MS=Eaaa&CTRG=1&ORGN=LG&IDRG=162018012060,NA,NA,NA
20,METAL/MECÁNICA,METAL/MECÁNICA,48029,Etxebarri,16,PAÍS VASCO,"EMPRESA SITA EN ETXEBARRI PRECISA UN HERRERO OFICIAL DE 1ª o 2ª PARA LA FABRICACIÓN Y MONTAJE DE TRABAJOS EN HERRERIA Y METALISTALERÍA ( PUERTAS, VENTANAS, CERRAMIENTOS Y ESCALERAS). IMPRESCINDIBLE HABER REALIZADO EL CURSO EN PREVENCIÓN DE RIESGOS LABORALES DE LA CONSTRUCCIÓN DE 20H Y CARNET DE CONDUCIR B1.",NA,False,NA,NA,NA,NA,NA,NA,False,2018-11-03T00:22:59Z,2018-11-03T00:00:00Z,2018-11-03T00:00:00Z,2018-11-03T01:05:05Z,1672323950,NA,NA,"43.25277370000001,-2.8834532",NA,NA,NA,LANBIDE,724,ESPAÑA,ESPAÑA,48,VIZCAYA,['VIZCAYA'],VIZCAYA,NA,NA,1.1726974,Activa,1,20001,CERRAJEROS/FORJA/HERREROS,CERRAJEROS/FORJA/HERREROS,NA,3,HERRERO,1,http://apps.lanbide.euskadi.net/apps/OF_DETALLE_OFERTA_TRABAJO?LG=C&ML=OFEMEN1&MS=Eaaa&CTRG=1&ORGN=LG&IDRG=162018012061,NA,NA,NA
09,CONSTRUCCIÓN,CONSTRUCCIÓN,48086,Sopuerta,16,PAÍS VASCO,"SE OFRECE 1 PUESTO DE TRABAJO DE PEÓN DE OBRAS PUBLICAS PARA LA REALIZACIÓN DE LAS LABORES PROPIAS DE PROFESION EN EL MUNICIPIO DE SOPUERTA. REQUISITOS IMPRESCINDIBLES: SER TITULAR DE RGI SEGÚN LA CONVOCATORIA DE AYUDAS PARA ACCIONES LOCALES DE PROMOCIÓN DE EMPLEO (BOPV 20/06/2018), RESIDENCIA EN SOPUERTA Y ESTAR TOTALMENTE DESEMPLEADO/A. SE VALORARA HABER TRABAJADO ANTERIORMENTE CON HERRAMIENTAS PROPIAS DE LA PROFESION. DESEMPLEADO",NA,False,7,Diplomado o Ingeniero Técnico,07012,Ingeniero Técnico de Obras Públicas,Diplomado o Ingeniero Técnico,NA,False,2018-11-03T00:23:00Z,2018-11-03T00:00:00Z,2018-11-03T00:00:00Z,2018-11-03T01:05:05Z,1672334561,NA,NA,"43.27426819999999,-3.1568245",NA,NA,NA,LANBIDE,724,ESPAÑA,ESPAÑA,48,VIZCAYA,['VIZCAYA'],VIZCAYA,NA,NA,1.1726974,Activa,1,09003,ENCARGADOS DE OBRAS/CAPATACES,ENCARGADOS DE OBRAS/CAPATACES,NA,3,PEÓN OBRAS PÚBLICAS,1,http://apps.lanbide.euskadi.net/apps/OF_DETALLE_OFERTA_TRABAJO?LG=C&ML=OFEMEN1&MS=Eaaa&CTRG=1&ORGN=LG&IDRG=162018011971,NA,NA,NA
17,INFORMÁTICA/TELECOMUNICACIONES,INFORMÁTICA/TELECOMUNICACIONES,48019,Berriz,16,PAÍS VASCO,"Gestión de las instalaciones deportivas: polideportivo-piscina, frontón, campo de fútbol,... Y gestión del personal, además de tareas administrativas. Imprescindible: Experiencia mínima de 12 meses, Euskera (EGA o equivalente), diplomado o estudios superiores en materias deportivas y conocimientos de ofimática.",NA,False,6,"FP II, Ciclo de Grado Superior",NA,NA,"FP II, Ciclo de Grado Superior",NA,False,2018-11-03T00:23:00Z,2018-11-03T00:00:00Z,2018-11-03T00:00:00Z,2018-11-03T01:05:05Z,1672334560,NA,NA,"43.1758507,-2.5768462",2,NA,NA,LANBIDE,724,ESPAÑA,ESPAÑA,48,VIZCAYA,['VIZCAYA'],VIZCAYA,NA,NA,1.1726974,Activa,1,NA,NA,NA,NA,3,TÉCNICO/A DE DEPORTES,1,http://apps.lanbide.euskadi.net/apps/OF_DETALLE_OFERTA_TRABAJO?LG=C&ML=OFEMEN1&MS=Eaaa&CTRG=1&ORGN=LG&IDRG=162018012051,NA,NA,NA
NA,NA,NA,20056,Mutriku,16,PAÍS VASCO,"Turismoari begira, herriko txokoak dotoretzeko planaren barnean, udaleko obra eta zerbitzuetan lanean aritzeko peoi bat kontratatu behar du.Ezinbesteko baldintzak:1- Eskola ziurtagiria, 2- euskaraz ulertu eta oinarriko mailan hitz egiteko gai izatea, 3- Langabeak izan eta izena emanda egon behar dute Lanbiden - Euskal Enplegu Zerbitzuan lan-eskatzaile gisa eta 2018ko enplegua sustatzeko toki -ekintzetarako diru-laguntzen deialdian jasota azaltzen diren kolektibo baten partaide izatea (DSBEren titularra izat DESEMPLEADO",NA,False,NA,NA,NA,NA,NA,NA,False,2018-11-03T00:23:00Z,2018-11-03T00:00:00Z,2018-11-03T00:00:00Z,2018-11-03T01:05:05Z,1672334563,NA,NA,"43.3059287,-2.3872807",NA,NA,NA,LANBIDE,724,ESPAÑA,ESPAÑA,20,GUIPÚZCOA,['GUIPÚZCOA'],GUIPÚZCOA,NA,NA,1.1726974,Activa,1,NA,NA,NA,NA,3,PEOIA,1,http://apps.lanbide.euskadi.net/apps/OF_DETALLE_OFERTA_TRABAJO?LG=C&ML=OFEMEN1&MS=Eaaa&CTRG=1&ORGN=LG&IDRG=162018012048,NA,NA,NA
01,ADMINISTRACIÓN,ADMINISTRACIÓN,48903,Loiu,16,PAÍS VASCO,"Se precisa una persona auxiliar administrativa para digitalización de documentación, apoyo convocatorias, apoyo al servicio de cultura, atención telefónica y presencia. Se ofrece contrato de 5 meses a jornada parcial completa. Fecha prevista de incorporación: 17/12/2018. Imprescindible residir en el municipio de LOIU y pertenencia a alguno de los colectivos descritos en la RESOLUCIÓN de 13 de junio de 2018, del Director General de Lanbide-Servicio Vasco de Empleo, por la que se procede a la publicación de l DESEMPLEADO",NA,False,NA,NA,NA,NA,NA,NA,False,2018-11-03T00:23:00Z,2018-11-03T00:00:00Z,2018-11-03T00:00:00Z,2018-11-03T01:05:05Z,1672334562,NA,NA,"43.3046887,-2.8977829",NA,NA,NA,LANBIDE,724,ESPAÑA,ESPAÑA,48,VIZCAYA,['VIZCAYA'],VIZCAYA,NA,NA,1.1726974,Activa,1,NA,NA,NA,NA,3,AUXILIAR ADMINISTRATIVO/A,1,http://apps.lanbide.euskadi.net/apps/OF_DETALLE_OFERTA_TRABAJO?LG=C&ML=OFEMEN1&MS=Eaaa&CTRG=1&ORGN=LG&IDRG=162018011973,NA,NA,NA
20,METAL/MECÁNICA,METAL/MECÁNICA,20002,Aduna,16,PAÍS VASCO,"SE NECESITAN 3 TECNICOS/AS DE MONTAJE PARA REALIZAR DIVERSAS FUNCIONES DE FABRICACION EN NUEVA PLANTA. SE OFRECE INCORPORACION INMEDIATA A JORNADA COMPLETA EN EMPRESA DEDICADA A OFRECER SOLUCIONES INTEGRALES DE ELECTROMOVILIDAD TANTO DE VEHÍCULOS COMO DE SUS PRINCIPALES COMPONENTES Y SISTEMAS. IMPRESCINDIBLE TENER CERTIFICADO DE DISCAPACIDAD >33%, TENER TITULACION DE FPII O GRADO SUPERIOR EN UNA DE ESTAS RAMAS: MANTENIMIENTO Y MONTAJE DE INSTALACIONES, SISTEMAS DE REGULACION Y CONTROL AUTOMATICOS-ROBOTICA I",NA,False,6,"FP II, Ciclo de Grado Superior",06024,"Otras Titulaciones (FP 2, ciclos grado superior)","FP II, Ciclo de Grado Superior",NA,False,2018-11-03T00:23:00Z,2018-11-03T00:00:00Z,2018-11-03T00:00:00Z,2018-11-03T01:05:05Z,1672334565,NA,NA,"43.2039312,-2.0490589",NA,NA,NA,LANBIDE,724,ESPAÑA,ESPAÑA,20,GUIPÚZCOA,['GUIPÚZCOA'],GUIPÚZCOA,NA,NA,1.1726974,Activa,1,NA,NA,NA,NA,3,3 TECNICOS/AS DE MONTAJE,1,http://apps.lanbide.euskadi.net/apps/OF_DETALLE_OFERTA_TRABAJO?LG=C&ML=OFEMEN1&MS=Eaaa&CTRG=1&ORGN=LG&IDRG=162018012046,NA,NA,NA
09,CONSTRUCCIÓN,CONSTRUCCIÓN,20029,Deba,16,PAÍS VASCO,"Control y supervisión de montaje de maquinaria para construcción de viaducto. Requisitos imprescindibles: Curso básico de PRL Sector Construcción (60h) y 2 años de experiencia en tareas similares. Requisitos a valorar: PRL Trabajos en altura (8H), PRL Estrobaje de cargas, PRL Operador de Equipos Manuales, PRL Encofrador. Se ofrece contrato de 6 meses, jornada completa, salario segun convenio. Incorporación inmediata.",NA,False,NA,NA,NA,NA,NA,NA,False,2018-11-03T00:23:00Z,2018-11-03T00:00:00Z,2018-11-03T00:00:00Z,2018-11-03T01:05:05Z,1672334564,NA,NA,"43.296302,-2.3523692",3,NA,NA,LANBIDE,724,ESPAÑA,ESPAÑA,20,GUIPÚZCOA,['GUIPÚZCOA'],GUIPÚZCOA,NA,NA,1.1726974,Activa,1,09003,ENCARGADOS DE OBRAS/CAPATACES,ENCARGADOS DE OBRAS/CAPATACES,NA,3,ENCARGADO/A OBRA CIVIL,1,http://apps.lanbide.euskadi.net/apps/OF_DETALLE_OFERTA_TRABAJO?LG=C&ML=OFEMEN1&MS=Eaaa&CTRG=1&ORGN=LG&IDRG=162018012047,NA,NA,NA
09,CONSTRUCCIÓN,CONSTRUCCIÓN,01054,Urkabustaiz,16,PAÍS VASCO,"FUNCIONES: ACONDICIONAMIENTO DE LAS ZONAS DEL MUNICIPIO QUE POR RAZONES DE SALUBRIDAD Y SEGURIDAD REQUIEREN DE UNA ACTUACION URGENTE DE MANTENIMIENTO Y PEQUEÑAS OBRAS DE REPARACION DE ELEMENTOS MENORES Y BIENES. ELLO INCLUYE REALIZAR LABORES DE JARDINERÍA Y SIEGA, ASI COMO DE DESBROCE DE JARDINES Y VIALES EN CARRETERAS Y CAMINOS. ADEMAS SE PROCURARÁ LA LIMPIEZA DE SUMIDEROS Y OTROS TRABAJOS DIVERSOS DE MANTE NIMIENTO. REQUISITOS: CUMPLIR LA CONVOCATORIA PARA ACCIONES LOCALES DE PROMOCION DE EMPLEO DE LA CUA DESEMPLEADO",NA,False,7,Diplomado o Ingeniero Técnico,07012,Ingeniero Técnico de Obras Públicas,Diplomado o Ingeniero Técnico,NA,False,2018-11-03T00:23:01Z,2018-11-03T00:00:00Z,2018-11-03T00:00:00Z,2018-11-03T01:05:05Z,1672334567,NA,NA,"42.9772904,-2.9410935",NA,NA,NA,LANBIDE,724,ESPAÑA,ESPAÑA,1,ÁLAVA,['ÁLAVA'],ÁLAVA,NA,NA,1.1726974,Activa,1,09003,ENCARGADOS DE OBRAS/CAPATACES,ENCARGADOS DE OBRAS/CAPATACES,NA,3,PEONES DE OBRAS PUBLICAS,1,http://apps.lanbide.euskadi.net/apps/OF_DETALLE_OFERTA_TRABAJO?LG=C&ML=OFEMEN1&MS=Eaaa&CTRG=1&ORGN=LG&IDRG=162018011578,NA,NA,NA
22,SALUD/DEPORTE,SALUD/DEPORTE,28079,Madrid,13,MADRID,"Se ofrece puesto de comercial para visitar y atender a tiendas de deporte y moda infantil en Cataluña. Se requiere persona dinámica de 25 a 35 años con disponibilidad para viajar que disponga de tablet u ordenador portatil propio y vehiculo propio, de las provincias de Barcelona, Tarragona, Lerida y Gerona o alrededores. Se debe realizar test de acceso en http://www.sevencanada.com/empleo/ - Formación y seguimiento personal con director comercial - Sueldo fijo 1300€ + alta + gastos viaje. Posibilidad de ascenso en empresa con altas opciones de crecimiento. Marcas en exclusiva: Converse, Lyle & Scott y Juicy Couture. Recomendamos este empleo para todas aquellas personas extrovertidas, que les guste conducir, viajar y con altas cualidades para la venta.",NA,False,1,Sin estudios,07029,Maestro (Educación Infantil),Sin estudios,NA,False,2018-02-27T16:59:19Z,2018-02-27T00:00:00Z,2018-11-03T00:00:00Z,2018-11-03T01:05:05Z,1405667545,1,COMPLETA,"40.4167754,-3.7037902",1,NA,NA,INSERTIA,724,ESPAÑA,ESPAÑA,28,MADRID,['MADRID'],MADRID,NA,1300,1.1726974,Activa,1,22005,FISIOTERAPIA/DEPORTE/MANTENIMIENTO FISIC,FISIOTERAPIA/DEPORTE/MANTENIMIENTO FISIC,NA,2,COMERCIAL VENTA TIENDAS DEPORTE,1,https://www.insertia.net/empleo/oferta-de-empleo_comercial-venta-tiendas-deporte-en-madrid_ref_27201323.html,NA,NA,NA
06,COMERCIAL/VENTAS,COMERCIAL/VENTAS,28079,Madrid,13,MADRID,"Consultora nacional dedicada a la oferta e integración de servicios obligatorios para las pymes, selecciona por necesidades de demanda, asesores/as comerciales para la oferta de estos servicios a empresas. Por la oferta de un nuevo servicio de obligado cumplimiento, abrimos proceso de selección. Buscamos Agentes Comerciales Freeland, con perfil claramente comercial con demostrada experiencia en el mundo de la oferta de servicios a empresas. Visitas periódicas a pymes para dar a conocer los servicios que ofrecemos. Gestión comercial específica con asesorías tradicionales (fiscales, contables y laborales) para ofertar nuestra gama de servicios. Buscamos comerciales con clara orientación al cliente, Visitas a administradores de fincas, asesorías, para la firma de convenios de colaboración por lo que se valorara tener una red de contactos ya establecida en este sector o experiencia en captación de partners. Se ofrece: -",NA,False,5,"FP I, Ciclo de Grado Medio",05025,"Otras Titulaciones (FP 1, ciclos grado medio)","FP I, Ciclo de Grado Medio",NA,False,2018-02-27T16:39:29Z,2018-02-27T00:00:00Z,2018-11-03T00:00:00Z,2018-11-03T01:05:05Z,1405656063,1,COMPLETA,"40.4167754,-3.7037902",3,NA,NA,INSERTIA,724,ESPAÑA,ESPAÑA,28,MADRID,['MADRID'],MADRID,NA,32000,1.1726974,Activa,1,06001,AGENTES COMERCIALES/REPRESENTANTES,AGENTES COMERCIALES/REPRESENTANTES,NA,3,Agente Comercial Autonomo,3,https://www.insertia.net/empleo/oferta-de-empleo_agente-comercial-autonomo-en-toda-espana_ref_28467295.html,NA,NA,NA
22,SALUD/DEPORTE,SALUD/DEPORTE,48020,Bilbao,16,PAÍS VASCO,"Se ofrece puesto de comercial para visitar y atender a tiendas de deporte y moda infantil en Cataluña. Se requiere persona dinámica de 25 a 35 años con disponibilidad para viajar que disponga de tablet u ordenador portatil propio y vehiculo propio, de las provincias de Barcelona, Tarragona, Lerida y Gerona o alrededores. Se debe realizar test de acceso en http://www.sevencanada.com/empleo/ - Formación y seguimiento personal con director comercial - Sueldo fijo 1300€ + alta + gastos viaje. Posibilidad de ascenso en empresa con altas opciones de crecimiento. Marcas en exclusiva: Converse, Lyle & Scott y Juicy Couture. Recomendamos este empleo para todas aquellas personas extrovertidas, que les guste conducir, viajar y con altas cualidades para la venta.",NA,False,1,Sin estudios,07029,Maestro (Educación Infantil),Sin estudios,NA,False,2018-02-27T16:58:14Z,2018-02-27T00:00:00Z,2018-11-03T00:00:00Z,2018-11-03T01:05:05Z,1405667508,1,COMPLETA,"43.2630126,-2.9349852",1,NA,NA,INSERTIA,724,ESPAÑA,ESPAÑA,48,VIZCAYA,['VIZCAYA'],VIZCAYA,NA,1300,1.1726974,Activa,1,22005,FISIOTERAPIA/DEPORTE/MANTENIMIENTO FISIC,FISIOTERAPIA/DEPORTE/MANTENIMIENTO FISIC,NA,2,COMERCIAL VENTA TIENDAS DEPORTE,1,https://www.insertia.net/empleo/oferta-de-empleo_comercial-venta-tiendas-deporte-en-vizcaya_ref_26883666.html,NA,NA,NA
01,ADMINISTRACIÓN,ADMINISTRACIÓN,28079,Madrid,13,MADRID,"Buscamos una persona para impartir clases de ALEMÁN en empresa a grupos y one to one. Se trabaja de Lunes y Miercoles, de 10 a 11 y de 14 a 15h. ",NA,False,7,Diplomado o Ingeniero Técnico,NA,NA,Diplomado o Ingeniero Técnico,NA,False,2018-11-03T00:08:37Z,2018-11-03T00:00:00Z,2018-11-03T00:00:00Z,2018-11-03T01:05:05Z,1672323891,NA,NA,"40.4167754,-3.7037902",NA,NA,NA,HACESFALTA,724,ESPAÑA,ESPAÑA,28,MADRID,['MADRID'],MADRID,NA,NA,1.1726974,Activa,1,NA,NA,NA,NA,NA,Profesor/a de alemán,1,http://www.hacesfalta.org/oportunidades/remuneradas/detalle/profesor-a-de-aleman/154078,NA,NA,NA
19,CUIDADOS/ASISTENCIA EN EL HOGAR,CUIDADOS/ASISTENCIA EN EL HOGAR,08101,L' Hospitalet de Llobregat,9,CATALUÑA,"El Grup Asproseat cerca un/a educador/a per realitzar l'atenció directa de persones amb discapacitat de tipus intel·lectual en una Llar Residència de Barcelona. FUNCIONS: -Vetllar pel compliment dels drets dels usuaris. -Dur a terme els PIR amb coherència amb les línies estratègiques del centre. -Participar en la dinàmica d'intercanvi d'informacions de l'equip per desenvolupar una tascar eficaç. -Detectar i rebre informacions i/o demandes de les famílies canalitzant-les adequadament. -Fer acompanyaments mèdics i d'oci. -Assegurar el bon funcionament de la llar-residència. Pensem amb una persona amb formació de l'àmbit social, coneixements del sector de la discapacitat i coneixements bàsics de cuina e manteniment de la llar. Oferim un contracte temporal (substitució), jornada complerta, horari rotatiu (tarda, nits, caps de setmana i festius) amb incorporació immediata.",NA,False,6,"FP II, Ciclo de Grado Superior",06024,"Otras Titulaciones (FP 2, ciclos grado superior)","FP II, Ciclo de Grado Superior",NA,False,2018-11-03T00:08:36Z,2018-11-03T00:00:00Z,2018-11-03T00:00:00Z,2018-11-03T01:05:05Z,1672323890,NA,NA,"41.3661865,2.1164942",NA,NA,NA,HACESFALTA,724,ESPAÑA,ESPAÑA,8,BARCELONA,['BARCELONA'],BARCELONA,NA,18001,1.1726974,Activa,1,19005,SERVICIO DOMÉSTICO,SERVICIO DOMÉSTICO,NA,6,Educador/a llar residència substitució,1,http://www.hacesfalta.org/oportunidades/remuneradas/detalle/educador-a-llar-resid-ncia-substitucio/154075,NA,NA,NA
22,SALUD/DEPORTE,SALUD/DEPORTE,25217,Tàrrega,9,CATALUÑA,"Es necessita un/a Òptic/a Optometrista titulat per a treballar en òptica a Tàrrega o Agramunt. Bon ambient de treball, festa tots els festius, dissabtes tarda. S'ofereix jornada complerta partida. Es valorarà experiència.Revisions Rx, adaptacions de lents de contacte, muntatges taller, vendes...",Òptica Solà,False,7,Diplomado o Ingeniero Técnico,NA,NA,Diplomado o Ingeniero Técnico,NA,False,2018-11-03T15:18:34Z,2018-11-03T00:00:00Z,2018-11-03T00:00:00Z,2018-11-03T01:05:05Z,1672633122,1,COMPLETA,"41.6480797,1.1409432",NA,NA,NA,SOC,724,ESPAÑA,ESPAÑA,25,LLEIDA,['LLEIDA'],LLEIDA,NA,NA,1.1726974,Activa,1,22006,FARMACIA/ÓPTICA/AUDICIÓN,FARMACIA/ÓPTICA/AUDICIÓN,NA,2,Òptic optometrista,1,http://feinaactiva.gencat.cat/web/guest/home?p_p_id=jobsLocator_WAR_psocwebjobslocator&p_p_lifecycle=0&p_p_state=maximized&p_p_mode=view&_jobsLocator_WAR_psocwebjobslocator_struts_action=%2Fjobslocator%2FprocessView&saveLastPath=0&jobCode=4362122,NA,NA,NA
22,SALUD/DEPORTE,SALUD/DEPORTE,08157,Pallejà,9,CATALUÑA,"La Fundació Ana Ribot selecciona per el Centre de Dia per a gent gran un infermer/a per substitució de BAIXA MATERNAL (8/10 MESOS). L’objectiu del Centre de Dia “Ana Ribot” es potenciar les diferents capacitats físiques, cognitives, socials, emocionals de la persona gran per mantenir-les actives i estimulades. Dins de la nostra filosofía d’innovació en l’atenció a la gent gran, hem posat en marxa una UNITAT D’ALZHEIMER on treballem amb persones en estat moderat i avançat de la malaltia. Els nostres especialistes duen a terme un sistema d’estimulació constant i diari mitjançant diferents tècniques no farmacològiques. La infermera del centre valora les necessitats bàsiques de cada usuari detectant problemes reals i potencials. Elabora, juntament amb la resta de professionals, un pla d’atenció individualitzat, marcant-ne uns objectius i planificant-ne unes activitats o cures necessàries,",NA,False,7,Diplomado o Ingeniero Técnico,NA,NA,Diplomado o Ingeniero Técnico,NA,False,2018-11-03T00:08:37Z,2018-11-03T00:00:00Z,2018-11-03T00:00:00Z,2018-11-03T01:05:05Z,1672323892,NA,NA,"41.4213871,1.9972813",NA,NA,NA,HACESFALTA,724,ESPAÑA,ESPAÑA,8,BARCELONA,['BARCELONA'],BARCELONA,NA,NA,1.1726974,Activa,1,22002,ENFERMERÍA,ENFERMERÍA,NA,NA,Infermer/a per a centre de dia de gent gran,1,http://www.hacesfalta.org/oportunidades/remuneradas/detalle/infermer-a-per-a-centre-de-dia-de-gent-gran/154065,NA,NA,NA
11,DERECHO/PSICOLOGÍA/CIENCIAS SOCIALES,DERECHO/PSICOLOGÍA/CIENCIAS SOCIALES,08056,Castelldefels,9,CATALUÑA,Es busca un psicòleg o una psicòloga sistèmica familiar per treballar en un Servei d'Atenció Familiar.,NA,False,8,Licenciado o Ingeniero Superior,NA,NA,Licenciado o Ingeniero Superior,NA,False,2018-11-03T00:08:37Z,2018-11-03T00:00:00Z,2018-11-03T00:00:00Z,2018-11-03T01:05:05Z,1672323895,NA,NA,"41.2800161,1.9766294",NA,NA,NA,HACESFALTA,724,ESPAÑA,ESPAÑA,8,BARCELONA,['BARCELONA'],BARCELONA,NA,12000,1.1726974,Activa,1,11003,PSICÓLOGOS,PSICÓLOGOS,NA,NA,Psicòleg/a atenció a famílies (saf),1,http://www.hacesfalta.org/oportunidades/remuneradas/detalle/psic-leg-a-atencio-a-families-saf-/154090,NA,NA,NA
13,EDUCACIÓN/SERVICIOS SOCIALES,EDUCACIÓN/SERVICIOS SOCIALES,NA,NA,16,PAÍS VASCO,Buscamos una mediadora cultural china para proyecto de intervención  con mujeres chinas en Pais Vasco y Navarra. Se valorará  formación  en género y disponer de vehículo propio. La intervención se realizará  con el apoyo de equipos de voluntariado. Contrato a tiempo parcial hasta finales de marzo.,NA,False,7,Diplomado o Ingeniero Técnico,07004,Educación Social,Diplomado o Ingeniero Técnico,NA,False,2018-11-03T00:08:37Z,2018-11-03T00:00:00Z,2018-11-03T00:00:00Z,2018-11-03T01:05:05Z,1672323894,NA,NA,"42.9099989,-2.6983868",NA,NA,NA,HACESFALTA,724,ESPAÑA,ESPAÑA,1,ÁLAVA,['ÁLAVA'],ÁLAVA,NA,12000,1.1726974,Activa,1,13008,FORMACIÓN PROFESIONAL,FORMACIÓN PROFESIONAL,NA,3,Mediadora cultural,1,http://www.hacesfalta.org/oportunidades/remuneradas/detalle/mediadora-cultural/154096,NA,NA,NA
17,INFORMÁTICA/TELECOMUNICACIONES,INFORMÁTICA/TELECOMUNICACIONES,50297,Zaragoza,2,ARAGÓN,"Organización y gestión de actividades y eventos para socios y consumidores. Atención a socios y dinamización de grupos. Formación, información y defensa de consumidor.  ",NA,False,8,Licenciado o Ingeniero Superior,NA,NA,Licenciado o Ingeniero Superior,NA,False,2018-11-03T00:08:37Z,2018-11-03T00:00:00Z,2018-11-03T00:00:00Z,2018-11-03T01:05:05Z,1672323896,NA,NA,"41.6488226,-0.8890853",NA,NA,NA,HACESFALTA,724,ESPAÑA,ESPAÑA,50,ZARAGOZA,['ZARAGOZA'],ZARAGOZA,NA,12000,1.1726974,Activa,1,17004,GESTIÓN DE PROYECTOS,GESTIÓN DE PROYECTOS,NA,NA,Técnico proyectos de consumo,1,http://www.hacesfalta.org/oportunidades/remuneradas/detalle/tecnico-proyectos-de-consumo/154095,NA,NA,NA
13,EDUCACIÓN/SERVICIOS SOCIALES,EDUCACIÓN/SERVICIOS SOCIALES,25120,Lleida,9,CATALUÑA,Centre d'idiomes busca professors per a fer classes a Lleida i voltants. Important tenir un nivell d'italià de mínim B2 i experiència fent classe a adults.Centre d'idiomes busca professors per a fer classes extraescolars a Mollerussa i voltants. Improtant tenir un nivell d'anglès de mínim B2 i experiència fent classe a nens i nenes a partir de 3 anys. Important tenir cotxe pròpi per desplaçaments.,LM IDIOMES S.C.P,False,NA,NA,NA,NA,NA,NA,False,2018-11-03T15:18:33Z,2018-11-03T00:00:00Z,2018-11-03T00:00:00Z,2018-11-03T01:05:05Z,1672633121,2,PARCIAL,"41.6175899,0.6200146",NA,NA,NA,SOC,724,ESPAÑA,ESPAÑA,25,LLEIDA,['LLEIDA'],LLEIDA,NA,NA,1.1726974,Activa,1,NA,NA,NA,NA,3,Professor/a d'italià Lleida (o voltants),1,http://feinaactiva.gencat.cat/web/guest/home?p_p_id=jobsLocator_WAR_psocwebjobslocator&p_p_lifecycle=0&p_p_state=maximized&p_p_mode=view&_jobsLocator_WAR_psocwebjobslocator_struts_action=%2Fjobslocator%2FprocessView&saveLastPath=0&jobCode=4362123,NA,NA,NA
10,DEPENDIENTES/INFORMACIÓN,DEPENDIENTES/INFORMACIÓN,28079,Madrid,13,MADRID,"Buscamos una persona titulada en Psicología con la habilitación sanitaria para atención psicológica en el centro de día para mujeres víctimas de violencia de género y/o en riesgo de exclusión social. Media jornada. *Valoración y diagnóstico de la situación que presenta la mujer atendida decidiendo y consensuando el proceso de intervención más adecuado para el afrontamiento y resolución de los conflictos y daños emocionales a tratas. *Intervención individual y grupal en función de las necesidades del caso. *Asistencia a las reuniones de equipo del centro con el fin de facilitar la información sobre el trabajo llevado a cabo con la mujer en este ámbito, recabando, es su caso, los datos de otras áreas y coordinando procedimientos en esta materia. * Coordinación con las profesionales de otros recursos de atención a los que se deba remitir",NA,False,8,Licenciado o Ingeniero Superior,NA,NA,Licenciado o Ingeniero Superior,NA,False,2018-11-03T00:08:40Z,2018-11-03T00:00:00Z,2018-11-03T00:00:00Z,2018-11-03T01:05:05Z,1672323910,NA,NA,"40.4167754,-3.7037902",NA,NA,NA,HACESFALTA,724,ESPAÑA,ESPAÑA,28,MADRID,['MADRID'],MADRID,NA,NA,1.1726974,Activa,1,10003,INFORMACIÓN/AZAFATAS/PROMOCIÓN COMERCIAL,INFORMACIÓN/AZAFATAS/PROMOCIÓN COMERCIAL,NA,NA,Titulada/o en psicología en centro de día para mujeres víctimas de violencia de género y/o en riesgo,1,http://www.hacesfalta.org/oportunidades/remuneradas/detalle/titulada-o-en-psicologia-en-centro-de-dia-para-mujeres-victimas-de-violencia-de-genero-y-o-en-riesgo/154063,NA,NA,NA
17,INFORMÁTICA/TELECOMUNICACIONES,INFORMÁTICA/TELECOMUNICACIONES,33033,Lena,3,PRINCIPADO DE ASTURIAS,"OBJETIVO GENERAL Colaborar en el desarrollo de la estrategia del área de Acción Social en España de ACF dirigida al Fomento y Apoyo al empleo inclusivo de personas en situación o riesgo de exclusión y, de manera concreta, desarrollando el Proyecto “Vives Emplea: Metodología de Equipos de Inclusión” Desarrollar el proyecto “Vives Emplea”, según la formulación prevista y conseguir los objetivos establecidos. · Desarrollar las actividades del proyecto según la planificación y en coordinación directa con los servicios sociales de los ayuntamientos. · Gestionar los proveedores y voluntarios necesarios para el desarrollo de las acciones de formación.   Realizar los sistemas de gestión, reporte y justificación necesarios para el desarrollo del proyecto. · Participar activamente en el seguimiento y mejora continua del proyecto recogiendo y aplicando",NA,False,8,Licenciado o Ingeniero Superior,NA,NA,Licenciado o Ingeniero Superior,NA,False,2018-11-03T00:08:40Z,2018-11-03T00:00:00Z,2018-11-03T00:00:00Z,2018-11-03T01:05:05Z,1672323907,NA,NA,"43.1591428,-5.8292909",NA,NA,NA,HACESFALTA,724,ESPAÑA,ESPAÑA,33,ASTURIAS,['ASTURIAS'],ASTURIAS,NA,18001,1.1726974,Activa,1,NA,NA,NA,NA,NA,Asturias - técnico/a de inclusión sociolaboral en pola de lena,1,http://www.hacesfalta.org/oportunidades/remuneradas/detalle/asturias-tecnico-a-de-inclusion-sociolaboral-en-pola-de-lena/154064,NA,NA,NA
18,INGENIERÍA/CALIDAD/CIENCIAS,INGENIERÍA/CALIDAD/CIENCIAS,04013,Almería,1,ANDALUCÍA,Educador/a sexual para impartir curso de formación y talleres en centros de secundaria en Prevención del VIH. Diseño de campaña de sensibilización.,NA,False,8,Licenciado o Ingeniero Superior,NA,NA,Licenciado o Ingeniero Superior,NA,False,2018-11-03T00:08:40Z,2018-11-03T00:00:00Z,2018-11-03T00:00:00Z,2018-11-03T01:05:05Z,1672323908,NA,NA,"36.834047,-2.4637136",NA,NA,NA,HACESFALTA,724,ESPAÑA,ESPAÑA,4,ALMERÍA,['ALMERÍA'],ALMERÍA,NA,NA,1.1726974,Activa,1,18005,PREVENCIÓN RIESGOS LABORALES,PREVENCIÓN RIESGOS LABORALES,NA,NA,Especialista en educación sexual/prevención del vih,1,http://www.hacesfalta.org/oportunidades/remuneradas/detalle/especialista-en-educacion-sexual-prevencion-del-vih/154061,NA,NA,NA
01,ADMINISTRACIÓN,ADMINISTRACIÓN,28079,Madrid,13,MADRID,Se ofrece puesto de recepcionista con inglés en importante compañía. El horario es parcial y de tarde. Abstenerse quien no tenga el certificado de discapacidad >33% y posea un nivel de inglés alto.,NA,False,4,Bachillerato,NA,NA,Bachillerato,NA,False,2018-11-03T00:08:37Z,2018-11-03T00:00:00Z,2018-11-03T00:00:00Z,2018-11-03T01:05:05Z,1672323901,NA,NA,"40.4167754,-3.7037902",NA,NA,NA,HACESFALTA,724,ESPAÑA,ESPAÑA,28,MADRID,['MADRID'],MADRID,NA,NA,1.1726974,Activa,1,01004,RECEPCIONISTAS,RECEPCIONISTAS,NA,3,Recepcionista con inglés (c1) y certificado de discapacidad,1,http://www.hacesfalta.org/oportunidades/remuneradas/detalle/recepcionista-con-ingles-c1-y-certificado-de-discapacidad/154091,NA,NA,NA
11,DERECHO/PSICOLOGÍA/CIENCIAS SOCIALES,DERECHO/PSICOLOGÍA/CIENCIAS SOCIALES,28115,Pozuelo de Alarcón,13,MADRID,Buscamos profesionales para desarrollar refuerzo de matemáticas en un IES en Pozuelo de Alarcon. Trabajo lunes y miercoles de 14:30 a 16:00h. ,NA,False,7,Diplomado o Ingeniero Técnico,NA,NA,Diplomado o Ingeniero Técnico,NA,False,2018-11-03T00:08:37Z,2018-11-03T00:00:00Z,2018-11-03T00:00:00Z,2018-11-03T01:05:05Z,1672323898,NA,NA,"40.4475272,-3.8074152",NA,NA,NA,HACESFALTA,724,ESPAÑA,ESPAÑA,28,MADRID,['MADRID'],MADRID,NA,NA,1.1726974,Activa,1,11005,OTROS PROFESIONALES,OTROS PROFESIONALES,NA,NA,Refuerzo de matemáticas. 3h semana,1,http://www.hacesfalta.org/oportunidades/remuneradas/detalle/refuerzo-de-matematicas-3h-semana/154076,NA,NA,NA
13,EDUCACIÓN/SERVICIOS SOCIALES,EDUCACIÓN/SERVICIOS SOCIALES,28079,Madrid,13,MADRID,Buscamos profesionales para desarrollar actividades de inglés lúdico con menores de primaria (10-12 años) en horario extraescolar de tardes. Martes y Jueves de 16:20 a 17:40h.,NA,False,7,Diplomado o Ingeniero Técnico,07031,Maestro (Educación Primaria),Diplomado o Ingeniero Técnico,NA,False,2018-11-03T00:08:37Z,2018-11-03T00:00:00Z,2018-11-03T00:00:00Z,2018-11-03T01:05:05Z,1672323904,NA,NA,"40.4167754,-3.7037902",NA,NA,NA,HACESFALTA,724,ESPAÑA,ESPAÑA,28,MADRID,['MADRID'],MADRID,NA,NA,1.1726974,Activa,1,13007,ENSEÑANZA PRIMARIA Y SECUNDARIA,ENSEÑANZA PRIMARIA Y SECUNDARIA,NA,NA,"Monitor/a de ingles primaria zona alameda de osuna 2,5 horas a la semana",5,http://www.hacesfalta.org/oportunidades/remuneradas/detalle/monitor-a-de-ingles-primaria-zona-alameda-de-osuna-2-5-horas-a-la-semana-/154094,NA,NA,NA
13,EDUCACIÓN/SERVICIOS SOCIALES,EDUCACIÓN/SERVICIOS SOCIALES,NA,NA,NA,NA,Buscamos una mediadora cultural china para proyecto de intervención  con mujeres chinas en Pais Vasco y Navarra. Se valorará  formación  en género y disponer de vehículo propio. La intervención se realizará  con el apoyo de equipos de voluntariado. Contrato a tiempo parcial hasta finales de marzo.,NA,False,7,Diplomado o Ingeniero Técnico,07004,Educación Social,Diplomado o Ingeniero Técnico,NA,False,2018-11-03T00:08:37Z,2018-11-03T00:00:00Z,2018-11-03T00:00:00Z,2018-11-03T01:05:05Z,1672323905,NA,NA,"40.46366700000001,-3.74922",NA,NA,NA,HACESFALTA,724,ESPAÑA,ESPAÑA,NA,NA,NA,NA,NA,12000,1.1726974,Activa,1,13008,FORMACIÓN PROFESIONAL,FORMACIÓN PROFESIONAL,NA,3,Mediadora cultural,1,http://www.hacesfalta.org/oportunidades/remuneradas/detalle/mediadora-cultural/154097,NA,NA,NA
01,ADMINISTRACIÓN,ADMINISTRACIÓN,28079,Madrid,13,MADRID,Desde Asociación Centro Trama buscamos mediadores/as interculturales para trabajo con menores  ,NA,False,7,Diplomado o Ingeniero Técnico,NA,NA,Diplomado o Ingeniero Técnico,NA,False,2018-11-03T00:08:37Z,2018-11-03T00:00:00Z,2018-11-03T00:00:00Z,2018-11-03T01:05:05Z,1672323906,NA,NA,"40.4167754,-3.7037902",NA,NA,NA,HACESFALTA,724,ESPAÑA,ESPAÑA,28,MADRID,['MADRID'],MADRID,NA,12000,1.1726974,Activa,1,NA,NA,NA,NA,NA,Mediador/a intercultural,1,http://www.hacesfalta.org/oportunidades/remuneradas/detalle/mediador-a-intercultural/154086,NA,NA,NA
19,CUIDADOS/ASISTENCIA EN EL HOGAR,CUIDADOS/ASISTENCIA EN EL HOGAR,NA,NA,5,ISLAS CANARIAS,"Trabaja con nosotros media jornada con un sueldo fijo de entre 800euros y 2000euros brutos al mes más incentivos y contratación directa por EACNUR, como promotor/captador de socios, dentro del programa Face to Face. Si quieres empezar a trabajar en una ONG, en EACNUR buscamos gente extrovertida, dinámica y con afán de superación, comprometida con los valores de ACNUR e interesada en la ayuda humanitaria y la labor social, para trabajar como promotor/captador, ayudándonos en la tarea de sensibilización y captación de fondos que llevamos a cabo en calles transitadas, centros comerciales, estaciones… etc. La tarea del promotor/captador de socios consiste en informar a la gente sobre el trabajo en terreno de ACNUR y animarles a colaborar con nosotros, ya que esto es imprescindible para poder financiar nuestros proyectos. No es necesario tener experiencia previa como promotor/captador de socios para ONG. Ofrecemos: Sueldo base de entre",NA,False,4,Bachillerato,NA,NA,Bachillerato,NA,False,2018-11-03T00:08:37Z,2018-11-03T00:00:00Z,2018-11-03T00:00:00Z,2018-11-03T01:05:05Z,1672323902,NA,NA,"28.4636296,-16.2518467",NA,NA,NA,HACESFALTA,724,ESPAÑA,ESPAÑA,38,SANTA CRUZ DE TENERIFE,['SANTA CRUZ DE TENERIFE'],SANTA CRUZ DE TENERIFE,NA,12000,1.1726974,Activa,1,19002,AYUDA DOMICILIARIA,AYUDA DOMICILIARIA,NA,2,Promotor para ong en tenerife 4´5h diarias.,15,http://www.hacesfalta.org/oportunidades/remuneradas/detalle/promotor-para-ong-en-tenerife-4-5h-diarias-/154069,NA,NA,NA
13,EDUCACIÓN/SERVICIOS SOCIALES,EDUCACIÓN/SERVICIOS SOCIALES,28079,Madrid,13,MADRID,"Asociación Centro Trama, busca un/una educador/a con experiencia en violencia de género, para trabajar en un servicio específico para víctimas de violencia de género y sus hijos/as.",NA,False,7,Diplomado o Ingeniero Técnico,NA,NA,Diplomado o Ingeniero Técnico,NA,False,2018-11-03T00:08:37Z,2018-11-03T00:00:00Z,2018-11-03T00:00:00Z,2018-11-03T01:05:05Z,1672323903,NA,NA,"40.4167754,-3.7037902",NA,NA,NA,HACESFALTA,724,ESPAÑA,ESPAÑA,28,MADRID,['MADRID'],MADRID,NA,12000,1.1726974,Activa,1,13002,ASISTENCIA E INTEGRACIÓN SOCIAL,ASISTENCIA E INTEGRACIÓN SOCIAL,NA,3,Educador/a social (violencia de género),1,http://www.hacesfalta.org/oportunidades/remuneradas/detalle/educador-a-social-violencia-de-genero-/154089,NA,NA,NA
08,CONDUCTORES/TRANSPORTE,CONDUCTORES/TRANSPORTE,17079,Girona,9,CATALUÑA,Busquem conductor de taxi per la ciutat de Girona. Obligatori tenir el nivell B2 de català.Conduir un taxi de Girona capital. Horari rotatiu.,taxi girona,False,NA,NA,NA,NA,NA,NA,False,2018-11-03T17:21:47Z,2018-11-03T00:00:00Z,2018-11-03T00:00:00Z,2018-11-03T01:05:05Z,1672767907,1,COMPLETA,"41.9794005,2.8214264",NA,NA,NA,SOC,724,ESPAÑA,ESPAÑA,17,GIRONA,['GIRONA'],GIRONA,NA,1200,1.1726974,Activa,1,08002,TRANSPORTE DE PERSONAS O MERCANCIAS,TRANSPORTE DE PERSONAS O MERCANCIAS,NA,3,Conductor de taxi,1,http://feinaactiva.gencat.cat/web/guest/home?p_p_id=jobsLocator_WAR_psocwebjobslocator&p_p_lifecycle=0&p_p_state=maximized&p_p_mode=view&_jobsLocator_WAR_psocwebjobslocator_struts_action=%2Fjobslocator%2FprocessView&saveLastPath=0&jobCode=4362124,NA,NA,NA
08,CONDUCTORES/TRANSPORTE,CONDUCTORES/TRANSPORTE,48003,Amorebieta-Etxano,16,PAÍS VASCO,"Tareas de almacén, recepción de mercancias, preparar pedidos. Reparto. CONTRATO temporal, mañana y tarde.",NA,False,NA,NA,NA,NA,NA,NA,False,2018-11-03T00:23:01Z,2018-11-03T00:00:00Z,2018-11-03T00:00:00Z,2018-11-03T01:05:05Z,1672334569,NA,NA,"43.2204692,-2.733068",2,NA,NA,LANBIDE,724,ESPAÑA,ESPAÑA,48,VIZCAYA,['VIZCAYA'],VIZCAYA,NA,NA,1.1726974,Activa,1,08003,REPARTO DE MERCANCÍAS,REPARTO DE MERCANCÍAS,NA,3,ALMACENER@ / REPARTIDOR@,1,http://apps.lanbide.euskadi.net/apps/OF_DETALLE_OFERTA_TRABAJO?LG=C&ML=OFEMEN1&MS=Eaaa&CTRG=1&ORGN=LG&IDRG=162018011984,NA,NA,NA
17,INFORMÁTICA/TELECOMUNICACIONES,INFORMÁTICA/TELECOMUNICACIONES,20030,Eibar,16,PAÍS VASCO,"Innovación y sistematización de los servicios, prestaciones, programas de los diferentes Planes de Intervención para complementarlos equitativamente al trabajo, expediente administrativo y a las acciones. Así como análisis para la sistematización de datos y memorias. Imprescindible: Licencitura/Grado en Sociología, Euskera PL3 y Desempleados pertenecientes a alguno sigs.colectivos: <35años, >45años 6 meses inscritos en demanda empleo, >55años, desempleados larga duración (12 meses en los últimos 18), ser ti DESEMPLEADO",NA,False,8,Licenciado o Ingeniero Superior,NA,NA,Licenciado o Ingeniero Superior,NA,False,2018-11-03T00:23:01Z,2018-11-03T00:00:00Z,2018-11-03T00:00:00Z,2018-11-03T01:05:05Z,1672334568,NA,NA,"43.1832096,-2.4715422",NA,NA,NA,LANBIDE,724,ESPAÑA,ESPAÑA,20,GUIPÚZCOA,['GUIPÚZCOA'],GUIPÚZCOA,NA,NA,1.1726974,Activa,1,17002,SISTEMAS/SEGURIDAD/REDES,SISTEMAS/SEGURIDAD/REDES,NA,3,INTERVENCIÓN COMUNITARIA,1,http://apps.lanbide.euskadi.net/apps/OF_DETALLE_OFERTA_TRABAJO?LG=C&ML=OFEMEN1&MS=Eaaa&CTRG=1&ORGN=LG&IDRG=162018011840,NA,NA,NA
16,HOSTELERÍA/TURISMO,HOSTELERÍA/TURISMO,17167,Sant Joan de les Abadesses,9,CATALUÑA,"ajudant per activitats de cateringASSISTIR AL CUINER I AL CAP EN LES TASQUES DE CUINA, SERVEI, RELACIO AMB CLIENTS",ARROSSADES POPULARS DEL RIPOLLES,False,NA,NA,NA,NA,NA,NA,False,2018-11-03T13:10:28Z,2018-11-03T00:00:00Z,2018-11-03T00:00:00Z,2018-11-03T01:05:05Z,1672632394,1,COMPLETA,"42.234129,2.2863069",NA,NA,NA,SOC,724,ESPAÑA,ESPAÑA,17,GIRONA,['GIRONA'],GIRONA,NA,1000,1.1726974,Activa,1,16003,AYUDANTES DE COCINA/COMIDA RÁPIDA,AYUDANTES DE COCINA/COMIDA RÁPIDA,NA,3,ajudant o auxlliar de cuina catering,1,http://feinaactiva.gencat.cat/web/guest/home?p_p_id=jobsLocator_WAR_psocwebjobslocator&p_p_lifecycle=0&p_p_state=maximized&p_p_mode=view&_jobsLocator_WAR_psocwebjobslocator_struts_action=%2Fjobslocator%2FprocessView&saveLastPath=0&jobCode=4331628,NA,NA,NA
17,INFORMÁTICA/TELECOMUNICACIONES,INFORMÁTICA/TELECOMUNICACIONES,28181,Villaviciosa de Odón,13,MADRID,"Empresa de creación de software online, precisa incorporar Programador Web para el desarrollo y mantenimiento de aplicaciones de gestión y producción en entornos web de alto uso, gestionadas por bases de datos mysql. El lenguaje de programación principal es el de PHP con entornos de base de datos linux. Además es necesario unos conocimientos mínimos de javascript y AJAX. Indispensable formalidad, profesionalidad, capacidad de análisis y de trabajar en equipo. Actividades a realizar: Programación. PHP 5 MySQL CSS (Cascading Style Sheets) HTML5 HTML Ajax jQuery Eclipse SubVersion JavaScript Experiencia y conociminetos altos y demostrables en PHP, mySQL XML, CSS, HTML, JQUERY, Javascript. Ofrecemos: Se trata de una labor dilatada en el tiempo por lo que se valorará un compromiso con el trabajo.",NA,False,6,"FP II, Ciclo de Grado Superior",06024,"Otras Titulaciones (FP 2, ciclos grado superior)","FP II, Ciclo de Grado Superior",NA,False,2018-06-08T21:07:31Z,2018-06-08T00:00:00Z,2018-11-03T00:00:00Z,2018-11-03T01:05:05Z,1494333692,1,COMPLETA,"40.3626807,-3.9139109",3,NA,NA,INSERTIA,724,ESPAÑA,ESPAÑA,28,MADRID,['MADRID'],MADRID,NA,NA,1.1726974,Activa,1,17001,ANALISTAS/PROGRAMADORES,ANALISTAS/PROGRAMADORES,NA,3,Programador web PHP - HTML,1,https://www.insertia.net/empleo/oferta-de-empleo_programador-web-php---html-en-madrid_ref_28681182.html,NA,NA,NA
06,COMERCIAL/VENTAS,COMERCIAL/VENTAS,28079,Madrid,13,MADRID,"Consultora dedicada a la prestación de servicios profesionales a PYMES, con desarrollo de aplicación propia. Necesitamos incorporar un/a comercial con un mínimo de dos años de experiencia en oferta de servicios a empresas y valoramos experiencia como consultor de LOPD, P.R.L . I.S.O - Manejo paquete office - Carnet de conducir. Actividades a realizar: Consultora nacional especializada en dar soluciones integrales a empresas en materia de consultoría jurídica especializada, selecciona por necesidades de demanda, asesores/as comerciales para la oferta de estos servicios a empresas. - Captación de nuevas cuentas / clientes - Visitas periódicas a pymes para dar a conocer el servicio y los productos que ofrecemos. Ofrecemos: Te ofrecemos la oportunidad de desarrollar tu carrera profesional en una empresa en pleno crecimiento con distintas áreas de negocio, donde encontrarás posibilidades reales de promoción en un e",NA,False,5,"FP I, Ciclo de Grado Medio",05025,"Otras Titulaciones (FP 1, ciclos grado medio)","FP I, Ciclo de Grado Medio",NA,False,2018-02-26T17:42:44Z,2018-02-26T00:00:00Z,2018-11-03T00:00:00Z,2018-11-03T01:05:05Z,1404919360,1,COMPLETA,"40.4167754,-3.7037902",3,NA,NA,INSERTIA,724,ESPAÑA,ESPAÑA,28,MADRID,['MADRID'],MADRID,NA,27000,1.1726974,Activa,1,06001,AGENTES COMERCIALES/REPRESENTANTES,AGENTES COMERCIALES/REPRESENTANTES,NA,3,Comercial L.O.P.D/ Compliance,3,https://www.insertia.net/empleo/oferta-de-empleo_comercial-lopd-compliance-en-madrid_ref_28330445.html,NA,NA,NA
06,COMERCIAL/VENTAS,COMERCIAL/VENTAS,17079,Girona,9,CATALUÑA,"FLEXIBLEOS, empresa especializada en Soluciones de Outsourcing comercial, precisa incorporar a 4 Comerciales para trabajar en Gasolineras BP de la zona de Girona. Su jornada laboral sería de 30 horas semanales (con posibilidad de ampliación en un futuro), repartidas de Lunes a Sábado (9-14 o 15-20h). Posibilidad de turno rotativo o fijo. Proyecto estable.Su principal función consistirá en la comercialización de una Tarjeta Gratuita de fidelización de clientes en diferentes gasolineras BP de Girona.","FLEXIBLEOS, S.L.",False,NA,NA,NA,NA,NA,NA,False,2018-11-03T19:28:46Z,2018-11-03T00:00:00Z,2018-11-03T00:00:00Z,2018-11-03T01:05:05Z,1672826983,1,COMPLETA,"41.9794005,2.8214264",NA,NA,NA,SOC,724,ESPAÑA,ESPAÑA,17,GIRONA,['GIRONA'],GIRONA,NA,700,1.1726974,Activa,1,06001,AGENTES COMERCIALES/REPRESENTANTES,AGENTES COMERCIALES/REPRESENTANTES,NA,3,Comercial para Gasolineras BP,4,http://feinaactiva.gencat.cat/web/guest/home?p_p_id=jobsLocator_WAR_psocwebjobslocator&p_p_lifecycle=0&p_p_state=maximized&p_p_mode=view&_jobsLocator_WAR_psocwebjobslocator_struts_action=%2Fjobslocator%2FprocessView&saveLastPath=0&jobCode=4362125,NA,NA,NA
01,ADMINISTRACIÓN,ADMINISTRACIÓN,08033,Caldes de Montbui,9,CATALUÑA,"BUSQUEM UNA PERSONA DINÀMICA I AMB DO DE GENTS PER DESENVOLUPAR TASQUES PRÒPIES DE LA RECEPCIÓ D'UN HOTELatenció al client, trucades telefòniques, check-in, check-out, tasques administratives, bookings, etc...",BALNEARI BROQUETAS,False,NA,NA,NA,NA,NA,NA,False,2018-11-03T19:28:46Z,2018-11-03T00:00:00Z,2018-11-03T00:00:00Z,2018-11-03T01:05:05Z,1672826982,1,COMPLETA,"41.6316583,2.1668706",NA,NA,NA,SOC,724,ESPAÑA,ESPAÑA,8,BARCELONA,['BARCELONA'],BARCELONA,NA,800,1.1726974,Activa,1,01004,RECEPCIONISTAS,RECEPCIONISTAS,NA,3,AJUDANT DE RECEPCIÓ,1,http://feinaactiva.gencat.cat/web/guest/home?p_p_id=jobsLocator_WAR_psocwebjobslocator&p_p_lifecycle=0&p_p_state=maximized&p_p_mode=view&_jobsLocator_WAR_psocwebjobslocator_struts_action=%2Fjobslocator%2FprocessView&saveLastPath=0&jobCode=4362126,NA,NA,NA
22,SALUD/DEPORTE,SALUD/DEPORTE,08019,Barcelona,9,CATALUÑA,"Se ofrece puesto de comercial para visitar y atender a tiendas de deporte y moda infantil en Cataluña. Se requiere persona dinámica de 25 a 35 años con disponibilidad para viajar que disponga de tablet u ordenador portatil propio y vehiculo propio, de las provincias de Barcelona, Tarragona, Lerida y Gerona o alrededores. Se debe realizar test de acceso en http://www.sevencanada.com/empleo/ - Formación y seguimiento personal con director comercial - Sueldo fijo 1300€ + alta + gastos viaje. Posibilidad de ascenso en empresa con altas opciones de crecimiento. Marcas en exclusiva: Converse, Lyle & Scott y Juicy Couture. Recomendamos este empleo para todas aquellas personas extrovertidas, que les guste conducir, viajar y con altas cualidades para la venta.",NA,False,1,Sin estudios,07029,Maestro (Educación Infantil),Sin estudios,NA,False,2018-02-27T16:48:31Z,2018-02-27T00:00:00Z,2018-11-03T00:00:00Z,2018-11-03T01:05:05Z,1405665069,1,COMPLETA,"41.3850639,2.1734035",1,NA,NA,INSERTIA,724,ESPAÑA,ESPAÑA,8,BARCELONA,['BARCELONA'],BARCELONA,NA,1300,1.1726974,Activa,1,22005,FISIOTERAPIA/DEPORTE/MANTENIMIENTO FISIC,FISIOTERAPIA/DEPORTE/MANTENIMIENTO FISIC,NA,2,COMERCIAL VENTA TIENDAS DEPORTE (Catalunya),1,https://www.insertia.net/empleo/oferta-de-empleo_comercial-venta-tiendas-deporte-catalunya-en-barcelona_ref_26573637.html,NA,NA,NA
