categoria,categoriaF,categoriaS,ciudad,ciudadF,companiaSeleccion,comunidad,comunidadF,contenido,creador,discapacidad,educacion,educacionF,educacionReq,educacionReqF,educacionS,email,empresaSocial,fechaCreacion,fechaCreacionBoost,fechaCreacionPortal,fechaRevision,horario,id,jornada,jornadaF,localizacion,minExperiencia,oReq,oferta,origen,pais,paisF,paisS,provincia,provinciaF,provinciaLimitrofe,provinciaS,salarioMax,salarioMin,score,sector,sectorF,speState,speStateId,subcategoria,subcategoriaF,subcategoriaS,tipoContratoN,titulo,trabajosOfertados,url,verSalarioMax,verSalarioMin,web
14,ELECTRICIDAD/ELECTRÓNICA/ENERGÍA,ELECTRICIDAD/ELECTRÓNICA/ENERGÍA,46165,Massanassa,NA,10,COMUNIDAD VALENCIANA,"Se precisa técnico de electrónica para montar sistemas de radiofrecuencia en vehículos insdustriales, reparación de sistemas hidráulicos y automatismos.",CMG METALHIDRAULICA S.L,False,6,"FP II, Ciclo de Grado Superior",06010,Electricidad y Electrónica,"FP II, Ciclo de Grado Superior",info@cmghidraulica.com,False,2018-11-02T09:24:44Z,2018-11-02T00:00:00Z,2018-11-02T00:00:00Z,2019-01-15T01:00:00Z,8:30-18:30,1734703986,1,COMPLETA,"39.412597,-0.399604",2,"Trato de cara al público amable, responsable.",NA,WEB,724,ESPAÑA,ESPAÑA,46,VALENCIA,['VALENCIA'],VALENCIA,1600,1000,1.1755825,03,INDUSTRIA,Activa,1,14002,ELECTRÓNICA,ELECTRÓNICA,2,Técnico electrónico con nociones de hidráulica,1,-,NA,NA,www.cmghidraulica.com
02,AGRICULTURA/JARDINERÍA/ALIMENTACIÓN,AGRICULTURA/JARDINERÍA/ALIMENTACIÓN,28079,Madrid,NA,13,MADRID,"Desde Asistencia Familiar buscamos Jardineros/as con experiencia para cuidar el jardín de una casa particular. Importante conocer técnicas de poda para las flores. 
Hacemos contrato por horas, con posibilidad de puesto estable",VITALSERVIT S.L,False,0,Sin especificar,0,SIN ESPECIFICAR,Sin especificar,alcobendas@asistenciafamiliar24.com,False,2018-11-02T09:34:00Z,2018-11-02T00:00:00Z,2018-11-02T00:00:00Z,2019-02-02T00:00:00Z,NA,1734704021,2,PARCIAL,"40.416775,-3.703790",2,NA,NA,WEB,724,ESPAÑA,ESPAÑA,28,MADRID,['MADRID'],MADRID,105,100,1.1755825,NA,NA,Activa,1,02002,FORESTAL/JARDINERÍA,FORESTAL/JARDINERÍA,3,Jardinero/a para la zona de Valdebebas,1,-,NA,NA,NA
19,CUIDADOS/ASISTENCIA EN EL HOGAR,CUIDADOS/ASISTENCIA EN EL HOGAR,28106,Parla,NA,13,MADRID,Desde Asistencia Familiar 24 buscamos personas interesadas en trabajar en 3 casas de Parla para realizar labores domésticas. Ofrecemos contrato por horas con posibilidad de aumentar horas. Puesto estable.,VITALSERVIT S.L,False,0,Sin especificar,0,SIN ESPECIFICAR,Sin especificar,NA,False,2018-11-02T09:36:21Z,2018-11-02T00:00:00Z,2018-11-02T00:00:00Z,2019-02-02T00:00:00Z,"Martes, Miércoles y Jueves de 9.30 a 14.30",1734704041,2,PARCIAL,"40.232367,-3.768906",2,NA,NA,WEB,724,ESPAÑA,ESPAÑA,28,MADRID,['MADRID'],MADRID,105,100,1.1755825,NA,NA,Activa,1,19005,SERVICIO DOMÉSTICO,SERVICIO DOMÉSTICO,3,Labores Domésticas Parla,1,-,NA,NA,NA
22,SALUD/DEPORTE,SALUD/DEPORTE,41091,Sevilla,NA,1,ANDALUCÍA,"Psicólogo para certificados médicos, licencias de armas, etc.",ALI AL SAAD ALI SAAD,False,6,"FP II, Ciclo de Grado Superior",06024,"Otras Titulaciones (FP 2, ciclos grado superior)","FP II, Ciclo de Grado Superior",NA,False,2018-11-02T10:19:16Z,2018-11-02T00:00:00Z,2018-11-02T00:00:00Z,2019-02-02T00:00:00Z,lunes a viernes,1734704173,2,PARCIAL,"37.389092,-5.984459",1,NA,NA,WEB,724,ESPAÑA,ESPAÑA,41,SEVILLA,['SEVILLA'],SEVILLA,1000,750,1.1755825,NA,NA,Activa,1,22001,MEDICINA,MEDICINA,5,PSICÓLOGO CERTIFICADOS MÉDICOS Y LICENCIAS,1,-,NA,NA,NA
14,ELECTRICIDAD/ELECTRÓNICA/ENERGÍA,ELECTRICIDAD/ELECTRÓNICA/ENERGÍA,10148,Plasencia,True,11,EXTREMADURA,"Gestión Fuentecaliente (Ciudad Real) y Campo Arañuelo (Cáceres).
Labores de mantenimiento eléctrico.
Instalaciones eléctricas.
Mantenimiento alumbrado público.
Revisión de cuadros eléctricos.",Axial Ingeniería,False,0,Sin especificar,0,SIN ESPECIFICAR,Sin especificar,tamara@axialingenieria.net,False,2018-11-02T11:15:56Z,2018-11-02T00:00:00Z,2018-11-02T00:00:00Z,2018-11-06T01:00:00Z,4 horas/ Media jornada,1734704643,2,PARCIAL,"40.042095,-6.083807",2,Experiencia en Electricidad.,"Coche de empresa. Se trabaja 4 horas, pero los días que no hay trabajo se compensa con mas horas de trabajo.",WEB,724,ESPAÑA,ESPAÑA,10,CÁCERES,['CÁCERES'],CÁCERES,600,600,1.1755825,03,INDUSTRIA,Activa,1,14001,ELECTRICIDAD,ELECTRICIDAD,3,Electricista con experiencia,1,-,1,1,http://www.axialingenieria.net/
01,ADMINISTRACIÓN,ADMINISTRACIÓN,03058,Cox,NA,10,COMUNIDAD VALENCIANA,"ADMINISTRATIVO, FACTURACION, CONTABILIDAD, ATENCION AL CLIENTE.",CARGONETWORK SL,False,5,"FP I, Ciclo de Grado Medio",05004,Administración,"FP I, Ciclo de Grado Medio",NA,False,2018-11-02T10:29:39Z,2018-11-02T00:00:00Z,2018-11-02T00:00:00Z,2019-02-02T00:00:00Z,09:00H A 15:00H,1734704257,2,PARCIAL,"38.143047,-0.890160",2,NA,NA,WEB,724,ESPAÑA,ESPAÑA,3,ALICANTE,['ALICANTE'],ALICANTE,1000,900,1.1755825,05,SERVICIOS,Activa,1,01001,ADMINISTRATIVOS,ADMINISTRATIVOS,2,ADMINISTRATIVO/A CON INGLES,1,-,NA,NA,NA
08,CONDUCTORES/TRANSPORTE,CONDUCTORES/TRANSPORTE,20040,Hernani,NA,16,PAÍS VASCO,"INGENIEROS TECNICOS O TECNICOS DE GRADO SUPERIOR. EXPERIENCIA EN EL DESARROLLO DE MECANISMOS PARA EL SECTOR DE LA MAQUINA HERRAMIENTA. EXPERIENCIA EN INGENIERIA DE DETALLE Y ENSAMBLAJES COMPLEJOS. CONOCIMIENTO DE NORMATIVA TECNICA. MANEJO PROFESIONAL DE HERRAMIENTAS DE DISEÑO CON SOLIDWORKS O SOLIDEDGE, EXPERIENCIA LABORAL EN DISEÑO DE 12 MESES, CAPACIDAD DE TRABAJO EN EQUIPO",NA,False,NA,NA,NA,NA,NA,NA,False,2018-11-01T00:21:59Z,2018-11-01T00:00:00Z,2018-11-01T00:00:00Z,2018-11-01T01:05:05Z,NA,1670987561,NA,NA,"43.26579280000001,-1.9768497",2,NA,NA,LANBIDE,724,ESPAÑA,ESPAÑA,20,GUIPÚZCOA,['GUIPÚZCOA'],GUIPÚZCOA,NA,NA,1.1729187,NA,NA,Activa,1,08005,MECÁNICA DEL AUTOMÓVIL,MECÁNICA DEL AUTOMÓVIL,3,PROYECTISTA MECANICO,1,http://apps.lanbide.euskadi.net/apps/OF_DETALLE_OFERTA_TRABAJO?LG=C&ML=OFEMEN1&MS=Eaaa&CTRG=1&ORGN=LG&IDRG=162018012003,NA,NA,NA
19,CUIDADOS/ASISTENCIA EN EL HOGAR,CUIDADOS/ASISTENCIA EN EL HOGAR,48078,Portugalete,NA,16,PAÍS VASCO,"Se precisa auxiliar de ayuda domiciliaria para asistencia a personas mayores en el domicilio. IMPRESCINDIBLE: Tener certificado de discapacidad 33%, experiencia en la realización de tareas domésticas y de ayuda en el aseo a personas mayores. VALORABLE: Experiencia y formación relacionada con el puesto. Duración de contrato hasta fin de servicio, jornada completa, incorporación prevista: septiembre, salario aproximado 1.160 ¿ mensuales.",NA,False,NA,NA,NA,NA,NA,NA,False,2018-11-01T00:21:59Z,2018-11-01T00:00:00Z,2018-11-01T00:00:00Z,2018-11-01T01:05:05Z,NA,1670987560,NA,NA,"43.3182479,-3.0211969",2,NA,NA,LANBIDE,724,ESPAÑA,ESPAÑA,48,VIZCAYA,['VIZCAYA'],VIZCAYA,NA,NA,1.1729187,NA,NA,Activa,1,19002,AYUDA DOMICILIARIA,AYUDA DOMICILIARIA,3,AUXILIAR AYUDA DOMICILIARIA,1,http://apps.lanbide.euskadi.net/apps/OF_DETALLE_OFERTA_TRABAJO?LG=C&ML=OFEMEN1&MS=Eaaa&CTRG=1&ORGN=LG&IDRG=162018012007,NA,NA,NA
20,METAL/MECÁNICA,METAL/MECÁNICA,20019,Beasain,NA,16,PAÍS VASCO,"SOLDADURA Y MONTAJE DE DIFERENTES ESTRUCTURAS METALICAS. REQUISITO IMPRESCINDIBLE FORMACION EN SOLDADURA Y EXPERIENCIA LABORAL EN SOLDADURA SEMIAUTOMATICA, COMARCA DEL GOIERRI O ALREDEDORES, INCORPORACION INMEDIATA. SE OFRECE CONTRATO TEMPORAL A JORNADA COMPLETA",NA,False,NA,NA,NA,NA,NA,NA,False,2018-11-01T00:22:01Z,2018-11-01T00:00:00Z,2018-11-01T00:00:00Z,2018-11-01T01:05:05Z,NA,1670987568,NA,NA,"43.0457548,-2.2003055",2,NA,NA,LANBIDE,724,ESPAÑA,ESPAÑA,20,GUIPÚZCOA,['GUIPÚZCOA'],GUIPÚZCOA,NA,NA,1.1729187,NA,NA,Activa,1,20004,SOLDADURA/CALDERERÍA/CHAPA,SOLDADURA/CALDERERÍA/CHAPA,3,SOLDADOR / A PARA TALLER DE BEASAIN / IDIAZABAL,1,http://apps.lanbide.euskadi.net/apps/OF_DETALLE_OFERTA_TRABAJO?LG=C&ML=OFEMEN1&MS=Eaaa&CTRG=1&ORGN=LG&IDRG=162018011988,NA,NA,NA
13,EDUCACIÓN/SERVICIOS SOCIALES,EDUCACIÓN/SERVICIOS SOCIALES,20051,Legazpi,NA,16,PAÍS VASCO,"TAREAS AUXILIARES. CONTROL VISUAL Y DIMENSIONAL DE PLACAS, RECEPCION Y EMBALAJE DE PLACAS, VERIFICACION DE CANTIDADES, ESTÁNDARES DE FABRICACION,... IMPRESCINDIBLE: PERSONA ACTIVA CON ACTITUD, CON EXPERIENCIA EN TAREAS DE AYUDANTE EN PRODUCCION. SE VALORARA RESIDENCIA EN UROLA GARAIA Y FORMACION PROFESIONAL (I- II/ G.M.- G.S.). CONTRATO EVENTUAL, POR CIRCUNSTANCIAS DE LA PRODUCCION. JORNADA COMPLETA, 3 TURMOS.",NA,False,NA,NA,NA,NA,NA,NA,False,2018-11-01T00:22:01Z,2018-11-01T00:00:00Z,2018-11-01T00:00:00Z,2018-11-01T01:05:05Z,NA,1670987569,NA,NA,"43.0523571,-2.3315143",2,NA,NA,LANBIDE,724,ESPAÑA,ESPAÑA,20,GUIPÚZCOA,['GUIPÚZCOA'],GUIPÚZCOA,NA,NA,1.1729187,NA,NA,Activa,1,13008,FORMACIÓN PROFESIONAL,FORMACIÓN PROFESIONAL,3,OPERARAIO,1,http://apps.lanbide.euskadi.net/apps/OF_DETALLE_OFERTA_TRABAJO?LG=C&ML=OFEMEN1&MS=Eaaa&CTRG=1&ORGN=LG&IDRG=162018011983,NA,NA,NA
19,CUIDADOS/ASISTENCIA EN EL HOGAR,CUIDADOS/ASISTENCIA EN EL HOGAR,20067,Errenteria,NA,16,PAÍS VASCO,"Emplead@ de hogar intern@, para cuidado de persona mayor y sus medicaciones. Labores del hogar y cocina. IMPRESCINDIBLE:Certificado de Profesionalidad del ámbito Socio-sanitario o Habilitación para trabajar en ese ámbito. SE OFRECE: Contrato temporal de 6 meses, prorrogable a indefinido. Sueldo 1050 euros brutos/mes.",NA,False,NA,NA,NA,NA,NA,NA,False,2018-11-01T00:22:01Z,2018-11-01T00:00:00Z,2018-11-01T00:00:00Z,2018-11-01T01:05:05Z,NA,1670987566,NA,NA,"43.3081107,-1.8912823",NA,NA,NA,LANBIDE,724,ESPAÑA,ESPAÑA,20,GUIPÚZCOA,['GUIPÚZCOA'],GUIPÚZCOA,NA,NA,1.1729187,NA,NA,Activa,1,19005,SERVICIO DOMÉSTICO,SERVICIO DOMÉSTICO,3,CUIDADORA PERSONA MAYOR-SERVICIO DOMÉSTICO,1,http://apps.lanbide.euskadi.net/apps/OF_DETALLE_OFERTA_TRABAJO?LG=C&ML=OFEMEN1&MS=Eaaa&CTRG=1&ORGN=LG&IDRG=162018011989,NA,NA,NA
16,HOSTELERÍA/TURISMO,HOSTELERÍA/TURISMO,01018,Zigoitia,NA,16,PAÍS VASCO,"CAMARERO/A. EN CENTO COMERCIAL - ATENCIÓN PERSONALIZADA A LOS CLIENTES DE BAR Y SALA, RECOMENDACIÓN DETALLADA DE LA CARTA, CONTROL DE STOCK, PREPARACIÓN DEL SERVICIO. IMPRESCINDIBLE: EXPERIENCIA DE 6 MESES. CARNET B1 Y VEHICULO PROPIO. SE OFRECE: CONTRATO INDEFINIDO A MEDIA JORNADA. 20 HORAS SEMANALES . SALARIO BRUTO MENSUAL 800-900 EUROS",NA,False,NA,NA,NA,NA,NA,NA,False,2018-11-01T00:22:00Z,2018-11-01T00:00:00Z,2018-11-01T00:00:00Z,2018-11-01T01:05:05Z,NA,1670987567,NA,NA,"42.9632046,-2.7290362",2,NA,NA,LANBIDE,724,ESPAÑA,ESPAÑA,1,ÁLAVA,['ÁLAVA'],ÁLAVA,NA,NA,1.1729187,NA,NA,Activa,1,16004,CAMAREROS,CAMAREROS,2,CAMARERO/A,1,http://apps.lanbide.euskadi.net/apps/OF_DETALLE_OFERTA_TRABAJO?LG=C&ML=OFEMEN1&MS=Eaaa&CTRG=1&ORGN=LG&IDRG=162018011991,NA,NA,NA
08,CONDUCTORES/TRANSPORTE,CONDUCTORES/TRANSPORTE,20067,Errenteria,NA,16,PAÍS VASCO,Tareas: Reparto en País Vasco y Navarra. No es necesario ni camión ni furgoneta. Requisitos imprescindibles. Tener experiencia mínima de dos años en puesto similar. Tener carnet de conducir C-C1. Tener Cap de transporte de mercancía. Residir en la zona. Se valorará carnet ADR y resto de carnets. Contrato fijo. Jornada completa y partida de lunes a viernes de 07:00-17:00. Salario: 2030¿/brutos/mes.,NA,False,NA,NA,NA,NA,NA,NA,False,2018-11-01T00:22:00Z,2018-11-01T00:00:00Z,2018-11-01T00:00:00Z,2018-11-01T01:05:05Z,NA,1670987564,NA,NA,"43.3081107,-1.8912823",3,NA,NA,LANBIDE,724,ESPAÑA,ESPAÑA,20,GUIPÚZCOA,['GUIPÚZCOA'],GUIPÚZCOA,NA,NA,1.1729187,NA,NA,Activa,1,08002,TRANSPORTE DE PERSONAS O MERCANCIAS,TRANSPORTE DE PERSONAS O MERCANCIAS,2,Conductor/a de camión,1,http://apps.lanbide.euskadi.net/apps/OF_DETALLE_OFERTA_TRABAJO?LG=C&ML=OFEMEN1&MS=Eaaa&CTRG=1&ORGN=LG&IDRG=162018011994,NA,NA,NA
20,METAL/MECÁNICA,METAL/MECÁNICA,48089,Urduliz,NA,16,PAÍS VASCO,"SE PRECISA SOLDADOR/A (OFICIAL DE 1ª) IMPRESCINDIBLE EXPERIENCIA EN PUESTO .CONTRATO POR OBRA TIEMPO COMPLETO, POSIBLE TRABAJO A TURNOS. INCORPORACIÓN EL 5 DE NOVIEMBRE.RETRIBUCIÓN SEGÚN CONVENIO.",NA,False,NA,NA,NA,NA,NA,NA,False,2018-11-01T00:22:00Z,2018-11-01T00:00:00Z,2018-11-01T00:00:00Z,2018-11-01T01:05:05Z,NA,1670987565,NA,NA,"43.3737401,-2.9482986",4,NA,NA,LANBIDE,724,ESPAÑA,ESPAÑA,48,VIZCAYA,['VIZCAYA'],VIZCAYA,NA,NA,1.1729187,NA,NA,Activa,1,20004,SOLDADURA/CALDERERÍA/CHAPA,SOLDADURA/CALDERERÍA/CHAPA,3,SOLDADOR/A OFICIAL PRIMERA,1,http://apps.lanbide.euskadi.net/apps/OF_DETALLE_OFERTA_TRABAJO?LG=C&ML=OFEMEN1&MS=Eaaa&CTRG=1&ORGN=LG&IDRG=162018011992,NA,NA,NA
08,CONDUCTORES/TRANSPORTE,CONDUCTORES/TRANSPORTE,20051,Legazpi,NA,16,PAÍS VASCO,"MANTENIMINETO Y REPARACION ELECTROMECANICA DE AUTOMOVIL. IMPRESCINDIBLE FORMACION EN ELECTRO- MECANICA DEL AUTOMOVIL Y/O EXPERIENCIA DEMOSTRABLE. SE VALORARA EUSKERA. CONTRATO EN PRACTICAS, 6 MESES. JORNADA COMPLETA, PARTIDA (DE 09:00 A 19:30)",NA,False,6,"FP II, Ciclo de Grado Superior",06024,"Otras Titulaciones (FP 2, ciclos grado superior)","FP II, Ciclo de Grado Superior",NA,False,2018-11-01T00:22:00Z,2018-11-01T00:00:00Z,2018-11-01T00:00:00Z,2018-11-01T01:05:05Z,NA,1670987562,NA,NA,"43.0523571,-2.3315143",NA,NA,NA,LANBIDE,724,ESPAÑA,ESPAÑA,20,GUIPÚZCOA,['GUIPÚZCOA'],GUIPÚZCOA,NA,NA,1.1729187,NA,NA,Activa,1,08005,MECÁNICA DEL AUTOMÓVIL,MECÁNICA DEL AUTOMÓVIL,3,ELECTROMECANICO DEL AUTOMOVIL,1,http://apps.lanbide.euskadi.net/apps/OF_DETALLE_OFERTA_TRABAJO?LG=C&ML=OFEMEN1&MS=Eaaa&CTRG=1&ORGN=LG&IDRG=162018011999,NA,NA,NA
01,ADMINISTRACIÓN,ADMINISTRACIÓN,48083,Ortuella,NA,16,PAÍS VASCO,"REQUISITOS IMPRESCINDIBLES:Disponer de alguna de las siguientes Titulaciones: Ciclo Formativo de Grado Medio (CFGM) o Superior (CFGS) o sus equivalentes en FPI o FPII en la familia profesional Administración y Gestión : TECNICO/A EN GESTION ADMINISTRATIVA; TECNICO/A SUPERIOR EN ADMINISTRACION Y FINANZAS Y TECNICO/A DE ASISTENCIA A LA DIRECCION .Acreditar empadronamiento en el municipio de Ortuella desde fecha anterior al 01/01/2013. Cumplir con los requisitos de la convocatoria de ayudas, para el ejercicio 2 DESEMPLEADO",NA,False,6,"FP II, Ciclo de Grado Superior",06024,"Otras Titulaciones (FP 2, ciclos grado superior)","FP II, Ciclo de Grado Superior",NA,False,2018-11-01T00:22:00Z,2018-11-01T00:00:00Z,2018-11-01T00:00:00Z,2018-11-01T01:05:05Z,NA,1670987563,NA,NA,"43.3093399,-3.0538639",2,NA,NA,LANBIDE,724,ESPAÑA,ESPAÑA,48,VIZCAYA,['VIZCAYA'],VIZCAYA,NA,NA,1.1729187,NA,NA,Activa,1,01001,ADMINISTRATIVOS,ADMINISTRATIVOS,3,ADMINISTRATIVO/A,1,http://apps.lanbide.euskadi.net/apps/OF_DETALLE_OFERTA_TRABAJO?LG=C&ML=OFEMEN1&MS=Eaaa&CTRG=1&ORGN=LG&IDRG=162018011995,NA,NA,NA
09,CONSTRUCCIÓN,CONSTRUCCIÓN,20014,Asteasu,NA,16,PAÍS VASCO,"Puesto ubicado en unidad de producción,en el cual, el profesional elegido llevará a cabo tareas orientadas al refuerzo de la producción.Labor de corte,clasificación,envase,manipulación,preparación,etc.Buscamos a alguien que se integre en nuestro equipo,alguien con aptitud,dispuestoa aprender y con ganas de emprender un proyecto a largo plazo con nosotros.IMPRESCINDIBLE:Autorización y experiencia en el manejo de CARRETILLA ELEVADORA Y GRUA-PUENTE+experiencia en el manejo de soplete.",NA,False,NA,NA,NA,NA,NA,NA,False,2018-11-01T00:22:01Z,2018-11-01T00:00:00Z,2018-11-01T00:00:00Z,2018-11-01T01:05:05Z,NA,1670987576,NA,NA,"43.19372010000001,-2.0953297",NA,NA,NA,LANBIDE,724,ESPAÑA,ESPAÑA,20,GUIPÚZCOA,['GUIPÚZCOA'],GUIPÚZCOA,NA,NA,1.1729187,NA,NA,Activa,1,09009,PEONES,PEONES,2,peón especilista,1,http://apps.lanbide.euskadi.net/apps/OF_DETALLE_OFERTA_TRABAJO?LG=C&ML=OFEMEN1&MS=Eaaa&CTRG=1&ORGN=LG&IDRG=162018011977,NA,NA,NA
14,ELECTRICIDAD/ELECTRÓNICA/ENERGÍA,ELECTRICIDAD/ELECTRÓNICA/ENERGÍA,20071,Tolosa,NA,16,PAÍS VASCO,"Instalación-reparación de equipos de climatización y frío comercial. REQUISITOS IMPRESCINDIBLES:Estar empadronado/a en alguno de los municipios de la comarca de Tolosaldea,desempleado/a inscrito/a en Lanbide, tener experiencia en instalación-reparación de equipos de climatización y de equipos de refrigeración. Autonomía. SE OFRECE: contrato temporal de 6 meses a jornada completa. Salario según convenio. Horario flexible e incorporación en el mes de diciembre.CONTRATACION SUJETA A  LA CONVOCATORIA DE AYUDAS DESEMPLEADO",NA,False,NA,NA,NA,NA,NA,NA,False,2018-11-01T00:22:02Z,2018-11-01T00:00:00Z,2018-11-01T00:00:00Z,2018-11-01T01:05:05Z,NA,1670987577,NA,NA,"43.1347544,-2.0750946",NA,NA,NA,LANBIDE,724,ESPAÑA,ESPAÑA,20,GUIPÚZCOA,['GUIPÚZCOA'],GUIPÚZCOA,NA,NA,1.1729187,NA,NA,Activa,1,14004,FRÍO Y CLIMATIZACIÓN,FRÍO Y CLIMATIZACIÓN,3,INSTALADOR REPARADOR FRÍO COMERCIAL-CLIMATIZACIÓN,1,http://apps.lanbide.euskadi.net/apps/OF_DETALLE_OFERTA_TRABAJO?LG=C&ML=OFEMEN1&MS=Eaaa&CTRG=1&ORGN=LG&IDRG=162018011592,NA,NA,NA
NA,NA,NA,48020,Bilbao,NA,16,PAÍS VASCO,"Arquitecto/a urbanista cuyas principales tareas serán: preparación, montaje, presentación, análisis comparado,etc de la documentación previa en el apoyo a la realización de la modificación del PER del Casco Viejo y del PERRI de Bilbao la Vieja, diagnóstico, fichas de edificios, mointajes de planos y frentes edificatorios que complementen la base de datos existente en SURBISA, etc. Imprescindible estar desempleado/a y de alta en Lanbide e inscrito en el Sistema Nacional de Garantía Juvenil, poseer Licenciatu DESEMPLEADO",NA,False,NA,NA,NA,NA,NA,NA,False,2018-11-01T00:22:01Z,2018-11-01T00:00:00Z,2018-11-01T00:00:00Z,2018-11-01T01:05:05Z,NA,1670987574,NA,NA,"43.2630126,-2.9349852",NA,NA,NA,LANBIDE,724,ESPAÑA,ESPAÑA,48,VIZCAYA,['VIZCAYA'],VIZCAYA,NA,NA,1.1729187,NA,NA,Activa,1,NA,NA,NA,3,ARQUITECTO/A URBANISTA (57PEJ),1,http://apps.lanbide.euskadi.net/apps/OF_DETALLE_OFERTA_TRABAJO?LG=C&ML=OFEMEN1&MS=Eaaa&CTRG=1&ORGN=LG&IDRG=162018011968,NA,NA,NA
09,CONSTRUCCIÓN,CONSTRUCCIÓN,48086,Sopuerta,NA,16,PAÍS VASCO,"SE OFRECEN 2 PUESTOS DE TRABAJO DE PEON/A OBRAS PUBLICAS PARA LA REALIZACIÓN DE LAS LABORES PROPIAS DE PROFESION EN EL MUNICIPIO DE SOPUERTA. REQUISITOS IMPRESCINDIBLES: CUMPLIR LOS REQUISITOS ESTABLECIDOS EN LA CONVOCATORIA DE AYUDAS LOCALES DE PROMOCIÓN DE EMPLEO (BOPV 20/06/2018), RESIDENCIA EN SOPUERTA Y ESTAR TOTALMENTE DESEMPLEADO/A. DESEMPLEADO",NA,False,7,Diplomado o Ingeniero Técnico,07012,Ingeniero Técnico de Obras Públicas,Diplomado o Ingeniero Técnico,NA,False,2018-11-01T00:22:01Z,2018-11-01T00:00:00Z,2018-11-01T00:00:00Z,2018-11-01T01:05:05Z,NA,1670987575,NA,NA,"43.27426819999999,-3.1568245",NA,NA,NA,LANBIDE,724,ESPAÑA,ESPAÑA,48,VIZCAYA,['VIZCAYA'],VIZCAYA,NA,NA,1.1729187,NA,NA,Activa,1,09003,ENCARGADOS DE OBRAS/CAPATACES,ENCARGADOS DE OBRAS/CAPATACES,3,PEÓN DE OBRAS PUBLICAS,1,http://apps.lanbide.euskadi.net/apps/OF_DETALLE_OFERTA_TRABAJO?LG=C&ML=OFEMEN1&MS=Eaaa&CTRG=1&ORGN=LG&IDRG=162018011972,NA,NA,NA
NA,NA,NA,48020,Bilbao,NA,16,PAÍS VASCO,"Arquitecto/a para la adecuación de los mercados a la normatica cuyas principales tareas serán: dibujar en Autocad estado actual y reformado de las instalaciones, estudio del plan director de las instalaciones y análisis técnico-económico de la mejor solución a aplicar, desarrollo y justificación de la normativa a aplicar,etc. Imprescindible estar desempleado/a y de alta en Lanbide e inscrito en el Sistema Nacional de Garantía Juvenil, poseer Licenciatura o grado universitario en arquitectura , euskera C1, re DESEMPLEADO",NA,False,NA,NA,NA,NA,NA,NA,False,2018-11-01T00:22:01Z,2018-11-01T00:00:00Z,2018-11-01T00:00:00Z,2018-11-01T01:05:05Z,NA,1670987572,NA,NA,"43.2630126,-2.9349852",NA,NA,NA,LANBIDE,724,ESPAÑA,ESPAÑA,48,VIZCAYA,['VIZCAYA'],VIZCAYA,NA,NA,1.1729187,NA,NA,Activa,1,NA,NA,NA,3,ARQUITECTO/A PARA LA ADECUACIÓN DE LOS MERCADOS A LA NORMATIVA (70PEJ),1,http://apps.lanbide.euskadi.net/apps/OF_DETALLE_OFERTA_TRABAJO?LG=C&ML=OFEMEN1&MS=Eaaa&CTRG=1&ORGN=LG&IDRG=162018011964,NA,NA,NA
17,INFORMÁTICA/TELECOMUNICACIONES,INFORMÁTICA/TELECOMUNICACIONES,48020,Bilbao,NA,16,PAÍS VASCO,"TÉCNICO/A DISEÑO: DESARROLLAR TAREAS RELACIONADAS CON LA PROMOCIÓN DEL SECTOR DEL DISEÑO Y LAS INDUSTRIAS CREATIVAS EN BILBAO. REQUISITOS IMPRESCINDIBLES: DESEMPLEADO E INSCRITO EN LANBIDE; NO ESTÉ DE ALTA EN SS NI EN AUTÓNOMOS; INSCRITO EN EL SISTEMA DE GARANTÍA JUVENIL, MAYOR DE 16 AÑOS Y MENOR DE 30 AÑOS, RESIDIR EN BILBAO, FORMACIÓN GRADO UNIVERSITARIO EN DISEÑO. INGLÉS. NIVEL ALTO O MEDIO-ALTO C1 O B2.MICROSOFT OFFICE. REQUISITOS A VALORAR: EXPERIENCIA EN PUESTO SIMILAR.CONTRATO DE OBRA 12 MESES. JORNA DESEMPLEADO",NA,False,6,"FP II, Ciclo de Grado Superior",NA,NA,"FP II, Ciclo de Grado Superior",NA,False,2018-11-01T00:22:01Z,2018-11-01T00:00:00Z,2018-11-01T00:00:00Z,2018-11-01T01:05:05Z,NA,1670987573,NA,NA,"43.2630126,-2.9349852",NA,NA,NA,LANBIDE,724,ESPAÑA,ESPAÑA,48,VIZCAYA,['VIZCAYA'],VIZCAYA,NA,NA,1.1729187,NA,NA,Activa,1,17002,SISTEMAS/SEGURIDAD/REDES,SISTEMAS/SEGURIDAD/REDES,3,TÉCNICO/A DISEÑO (35PEJ),1,http://apps.lanbide.euskadi.net/apps/OF_DETALLE_OFERTA_TRABAJO?LG=C&ML=OFEMEN1&MS=Eaaa&CTRG=1&ORGN=LG&IDRG=162018011235,NA,NA,NA
17,INFORMÁTICA/TELECOMUNICACIONES,INFORMÁTICA/TELECOMUNICACIONES,48020,Bilbao,NA,16,PAÍS VASCO,"Limpieza, consolidación, y restauración de panteones, piezas escultóricas y elementos ornamentales y otros que existen en el Cementerio de Bilbao y forman parte del patrimonio municipal, por ser titularidad del Ayuntamiento de Bilbao(Cripta, Panteón de los Niños del Circo, del Monte Oiz..). Corregir y evitar los defectos de la exposición de las piezas a la erosión y a los agentes climatológicos. Realizar una limpieza superficial de las esculturas y obras de arte que frenen el deterioro y otras tareas rela DESEMPLEADO",NA,False,6,"FP II, Ciclo de Grado Superior",NA,NA,"FP II, Ciclo de Grado Superior",NA,False,2018-11-01T00:22:01Z,2018-11-01T00:00:00Z,2018-11-01T00:00:00Z,2018-11-01T01:05:05Z,NA,1670987570,NA,NA,"43.2630126,-2.9349852",NA,NA,NA,LANBIDE,724,ESPAÑA,ESPAÑA,48,VIZCAYA,['VIZCAYA'],VIZCAYA,NA,NA,1.1729187,NA,NA,Activa,1,NA,NA,NA,3,Técnico/a en restauración y conservación de piezas históricas (64PEJ-79PEJ-81PEJ-83PEJ),1,http://apps.lanbide.euskadi.net/apps/OF_DETALLE_OFERTA_TRABAJO?LG=C&ML=OFEMEN1&MS=Eaaa&CTRG=1&ORGN=LG&IDRG=162018011987,NA,NA,NA
23,VIGILANCIA/SERVICIOS,VIGILANCIA/SERVICIOS,20080,Zumarraga,NA,16,PAÍS VASCO,Tareas de expendedor de gasolina y atención al cliente en tienda.REQUISITOS IMPRESCINDIBLES: Conocimientos de informativa a nivel de usuario/a.Dominio de español. Euskera hablado.Manejo adecuado de caja registradora y formacion en trabajos de dependiente de comercio.Prioritario residencia en cercanias de ZUMARRAGA.Disponibilidad para trabajar a turnos rotativos distribuidos entre el lunes y el domingo.SE OFRECE: Contrato temporal.Incorporacion inmediata.,NA,False,NA,NA,NA,NA,NA,NA,False,2018-11-01T00:22:01Z,2018-11-01T00:00:00Z,2018-11-01T00:00:00Z,2018-11-01T01:05:05Z,NA,1670987571,NA,NA,"43.085954,-2.3147677",2,NA,NA,LANBIDE,724,ESPAÑA,ESPAÑA,20,GUIPÚZCOA,['GUIPÚZCOA'],GUIPÚZCOA,NA,NA,1.1729187,NA,NA,Activa,1,23003,AUXILIARES DE SERVICIO/PERSONAL SUBALTER,AUXILIARES DE SERVICIO/PERSONAL SUBALTER,3,EXPENDEDOR/A-VENDEDOR/A ESTACION DE SERVICIO,1,http://apps.lanbide.euskadi.net/apps/OF_DETALLE_OFERTA_TRABAJO?LG=C&ML=OFEMEN1&MS=Eaaa&CTRG=1&ORGN=LG&IDRG=162018011986,NA,NA,NA
16,HOSTELERÍA/TURISMO,HOSTELERÍA/TURISMO,01018,Zigoitia,NA,16,PAÍS VASCO,"AUXILIAR DE SALA EN CENTO COMERCIAL - ATENCIÓN PERSONALIZADA A LOS CLIENTES SALA, DINAMIZAR , RESOLVER INCIDENCIAS, VENTA Y PROMOCIÓN DE NUEVAS MÁQUINAS Y JUEGOS. CAPTACIÓN Y FIDELIZACIÓN DE NUEVOS CLIENTES, PAGO DE PREMIOS Y COBROS DEL SPORT BAR. IMPRESCINDIBLE: EXPERIENCIA DE 6 MESES. CARNET B1 Y VEHICULO PROPIO. SE OFRECE: CONTRATO INDEFINIDO A MEDIA JORNADA. 20 HORAS SEMANALES . SALARIO BRUTO MENSUAL 800-900 EUROS",NA,False,NA,NA,NA,NA,NA,NA,False,2018-11-01T00:21:59Z,2018-11-01T00:00:00Z,2018-11-01T00:00:00Z,2018-11-01T01:05:05Z,NA,1670979449,NA,NA,"42.9632046,-2.7290362",2,NA,NA,LANBIDE,724,ESPAÑA,ESPAÑA,1,ÁLAVA,['ÁLAVA'],ÁLAVA,NA,NA,1.1729187,NA,NA,Activa,1,16005,COCINEROS,COCINEROS,2,AUXILIAR DE SALA,1,http://apps.lanbide.euskadi.net/apps/OF_DETALLE_OFERTA_TRABAJO?LG=C&ML=OFEMEN1&MS=Eaaa&CTRG=1&ORGN=LG&IDRG=162018012010,NA,NA,NA
17,INFORMÁTICA/TELECOMUNICACIONES,INFORMÁTICA/TELECOMUNICACIONES,01059,Vitoria-Gasteiz,NA,16,PAÍS VASCO,"MONTADOR/A DE SISTEMAS DE ALMACENAJE.- MONTAJE DE ESTANTERIAS INDUSTRIALES, DESMONTABLES Y EQUIPAMIENTOS PARA VESTUARIOS. IMPRESCINDIBLE: 3 MESES DE EXPERIENCIA COMO MONTADOR/A DE ESTRUCTURAS DE ALMACENAJE. CARNET DE CONDUCIR. FORMACIÓN EN MATERIA DE PREVENCIÓN DE RIESGOS LABORALES. CONTRATO POR OBRA: DE 3 A 6 MESES. JORNADA COMPLETA. INCORPORACIÓN INMEDIATA. SALARIO BRUTO MENSUAL: 1185 EUROS",NA,False,NA,NA,NA,NA,NA,NA,False,2018-11-01T00:21:58Z,2018-11-01T00:00:00Z,2018-11-01T00:00:00Z,2018-11-01T01:05:05Z,NA,1670979446,NA,NA,"42.8591656,-2.681791800000001",3,NA,NA,LANBIDE,724,ESPAÑA,ESPAÑA,1,ÁLAVA,['ÁLAVA'],ÁLAVA,NA,NA,1.1729187,NA,NA,Activa,1,NA,NA,NA,3,MONTADOR/A DE SISTEMAS DE ALMACENAJE,1,http://apps.lanbide.euskadi.net/apps/OF_DETALLE_OFERTA_TRABAJO?LG=C&ML=OFEMEN1&MS=Eaaa&CTRG=1&ORGN=LG&IDRG=162018012020,NA,NA,NA
08,CONDUCTORES/TRANSPORTE,CONDUCTORES/TRANSPORTE,20005,Alegia,NA,16,PAÍS VASCO,"Se necesita mecánico para la reparación de maquinaria diversa: tractores, motocultores, motosierras etc. IMPRESCINDIBLE: titulo de mecánico y experiencia. Empadronamiento en la comarca, estar en desempleo e inscrito-a en Lanbide. VALORABLE: Euskara y Seriedad. SE OFRECE: contrato de 6 meses con posibilidad de indefinido, jornada completa con horario partido y un salario aproximado de 1600 euros. CONTRATACION SUJETA A LA CONVOCATORIA DE AYUDAS PARA ACCIONES LOCALES DE EMPLEO DE 12 DE JUNIO DE 2018 PUBLICADO",NA,False,NA,NA,NA,NA,NA,NA,False,2018-11-01T00:21:58Z,2018-11-01T00:00:00Z,2018-11-01T00:00:00Z,2018-11-01T01:05:05Z,NA,1670979447,NA,NA,"43.098049,-2.0953297",NA,NA,NA,LANBIDE,724,ESPAÑA,ESPAÑA,20,GUIPÚZCOA,['GUIPÚZCOA'],GUIPÚZCOA,NA,NA,1.1729187,NA,NA,Activa,1,08005,MECÁNICA DEL AUTOMÓVIL,MECÁNICA DEL AUTOMÓVIL,3,MECÁNICO,1,http://apps.lanbide.euskadi.net/apps/OF_DETALLE_OFERTA_TRABAJO?LG=C&ML=OFEMEN1&MS=Eaaa&CTRG=1&ORGN=LG&IDRG=162018012017,NA,NA,NA
09,CONSTRUCCIÓN,CONSTRUCCIÓN,48080,Valle de Trapaga-Trapagaran,NA,16,PAÍS VASCO,"Se precisa para Trapagaran un/a Ayudante de inspector de Ensayos no Destructivos en instalaciones de fabricación, como caldereras o plantas de generación de energia. IMPRESCINDIBLE: carnet de conducir B y carnet ADR Categoria 7 (códigos 1131 y 1132). Se valorará experiencia en ensayos no destructivos. OFRECE: contrato de un mes de duración a jornada completa en horarios por turnos y salario 1580 ¿.",NA,False,NA,NA,NA,NA,NA,NA,False,2018-11-01T00:21:57Z,2018-11-01T00:00:00Z,2018-11-01T00:00:00Z,2018-11-01T01:05:05Z,NA,1670979444,NA,NA,"43.304374,-3.0365308",2,NA,NA,LANBIDE,724,ESPAÑA,ESPAÑA,48,VIZCAYA,['VIZCAYA'],VIZCAYA,NA,NA,1.1729187,NA,NA,Activa,1,09009,PEONES,PEONES,3,PEON/A EN GENERAL,1,http://apps.lanbide.euskadi.net/apps/OF_DETALLE_OFERTA_TRABAJO?LG=C&ML=OFEMEN1&MS=Eaaa&CTRG=1&ORGN=LG&IDRG=162018012024,NA,NA,NA
01,ADMINISTRACIÓN,ADMINISTRACIÓN,20045,Irun,NA,16,PAÍS VASCO,"Atención de las llamadas telefónicas, organización de los documentos de la empresa, correcta redacción de cartas e informes, realizar facturas de clientes y proveedores. Requisitos imprescindibles: manejo de office. Buena base de lengua francesa. A valorar: conocimientos de contabilidad. Se ofrece: contratoeventual a tiempo parcial d elunes a viernes de 14:30 a18:30. Salario mensual bruto aproximado en euros 640",NA,False,NA,NA,NA,NA,NA,NA,False,2018-11-01T00:21:58Z,2018-11-01T00:00:00Z,2018-11-01T00:00:00Z,2018-11-01T01:05:05Z,NA,1670979445,NA,NA,"43.3380969,-1.7888483",NA,NA,NA,LANBIDE,724,ESPAÑA,ESPAÑA,1,ÁLAVA,['ÁLAVA'],ÁLAVA,NA,NA,1.1729187,NA,NA,Activa,1,NA,NA,NA,3,AUXILIAR ADMINISTRATIVO/A,1,http://apps.lanbide.euskadi.net/apps/OF_DETALLE_OFERTA_TRABAJO?LG=C&ML=OFEMEN1&MS=Eaaa&CTRG=1&ORGN=LG&IDRG=162018012018,NA,NA,NA
15,FÁBRICAS/INDUSTRIA,FÁBRICAS/INDUSTRIA,20068,Leintz-Gatzaga,NA,16,PAÍS VASCO,"Peoi lanak:Gatz museoan,gatz ekoizpenean edo/ta Udalak beharrezko ikusten bestelako jardueretan / Ezinbesteko baldintzak:Langabezian egotea,Lanbidek enplegua sustatzeko deitutako laguntza deialdiko baldintzak betetzea.Leintz-Gatzagan erroldatuta egotea.Emakumea izatea.Euskaraz mintzatzeko gaitasuna/Gida baimena eta kotxea edukitxea baloratu egiten da / Soldata:1.291¿/hileko ( paga extra barne).Kontratua abenduan hasiko da DESEMPLEADO",NA,False,NA,NA,NA,NA,NA,NA,False,2018-11-01T00:21:57Z,2018-11-01T00:00:00Z,2018-11-01T00:00:00Z,2018-11-01T01:05:05Z,NA,1670979435,NA,NA,"42.9868191,-2.5684044",NA,NA,NA,LANBIDE,724,ESPAÑA,ESPAÑA,20,GUIPÚZCOA,['GUIPÚZCOA'],GUIPÚZCOA,NA,NA,1.1729187,NA,NA,Activa,1,NA,NA,NA,3,PEOIA,1,http://apps.lanbide.euskadi.net/apps/OF_DETALLE_OFERTA_TRABAJO?LG=C&ML=OFEMEN1&MS=Eaaa&CTRG=1&ORGN=LG&IDRG=162018012033,NA,NA,NA
03,ALMACENES/REPONEDORES,ALMACENES/REPONEDORES,20063,Oiartzun,NA,16,PAÍS VASCO,Empresa ubicada en Oiartzun precisa persona con conocimientos y experiencia en Almacén y Expediciones. IMPRESCINDIBLE: Carnet de Carretillero. Experiencia min.12m en puesto similar. Permiso de Conducir B1; Residir en la Comarca y Alrededores. Formación académica a partir de Graduado. VALORABLE: FP2; Conocimientos de Inglés. Conocimientos de office.SE OFRECE: Contrato temporal de 1 año. Incorporación inmediata. Horario de 8 a 13 y 14 a 17h.,NA,False,NA,NA,NA,NA,NA,NA,False,2018-11-01T00:21:57Z,2018-11-01T00:00:00Z,2018-11-01T00:00:00Z,2018-11-01T01:05:05Z,NA,1670979434,NA,NA,"43.298838,-1.8624156",2,NA,NA,LANBIDE,724,ESPAÑA,ESPAÑA,20,GUIPÚZCOA,['GUIPÚZCOA'],GUIPÚZCOA,NA,NA,1.1729187,NA,NA,Activa,1,03002,MOZOS DE ALMACÉN/CARRETILLEROS,MOZOS DE ALMACÉN/CARRETILLEROS,3,OPERADOR EN EXPEDICIONES-ALMACEN,1,http://apps.lanbide.euskadi.net/apps/OF_DETALLE_OFERTA_TRABAJO?LG=C&ML=OFEMEN1&MS=Eaaa&CTRG=1&ORGN=LG&IDRG=162018012043,NA,NA,NA
01,ADMINISTRACIÓN,ADMINISTRACIÓN,48081,Lezama,NA,16,PAÍS VASCO,"Se precisa una persona administrativa para realizar principalmente tareas auxiliares de apoyo al Departamento Económico Municipal de Lezama. Se requiere formación en la familia profesional de administración, conocimientos de office y de internet. A valorar experiencia en puesto similar y euskera. Se ofrece contrato de 6 meses a jornada completa. Incorporación prevista para el 17/12/2018. Imprescindible persona inscrita en Lanbide como desempleada, residir en el municipio de Lezama y pertenencia a alguno de DESEMPLEADO",NA,False,NA,NA,NA,NA,NA,NA,False,2018-11-01T00:21:57Z,2018-11-01T00:00:00Z,2018-11-01T00:00:00Z,2018-11-01T01:05:05Z,NA,1670979433,NA,NA,"43.2741817,-2.8328025",NA,NA,NA,LANBIDE,724,ESPAÑA,ESPAÑA,48,VIZCAYA,['VIZCAYA'],VIZCAYA,NA,NA,1.1729187,NA,NA,Activa,1,NA,NA,NA,3,Auxiliar Administrativo/a,1,http://apps.lanbide.euskadi.net/apps/OF_DETALLE_OFERTA_TRABAJO?LG=C&ML=OFEMEN1&MS=Eaaa&CTRG=1&ORGN=LG&IDRG=162018012042,NA,NA,NA
03,ALMACENES/REPONEDORES,ALMACENES/REPONEDORES,20045,Irun,NA,16,PAÍS VASCO,"EMPRESA DE MANTENIMIENTO DE MAQUINAS DE VENDING NECESITA TECNICO/A PARA LA REPARACION Y REPOSICION EN MAQUINAS DE VENDING. SE REQUIERE CARNE DE CONDUCIR, FORMACION EN ELECTRICIDAD-ELECTRONICA, CONOCIMIENTOS DE FONTANERIA, EUSKERA Y NOCIONES DE FRANCES. SE VALORARA LA VOLUNTAD DE TRABAJO EN EQUIPO. SE OFRECE CONTRATO PRACTICAS CON INTENCION DE CONVERTIRLO EN INDEFINIDO. JORNADA COMPLETA Y PARTIDA DE LUNES A VIERNES DE 8 A 13 HORAS Y DE 15 A 18 HORAS (POSIBILIDAD DE NEGOCIAR JORNADA INTENSIVA DE TARDES). LA",NA,False,7,Diplomado o Ingeniero Técnico,NA,NA,Diplomado o Ingeniero Técnico,NA,False,2018-11-01T00:21:57Z,2018-11-01T00:00:00Z,2018-11-01T00:00:00Z,2018-11-01T01:05:05Z,NA,1670979432,NA,NA,"43.3380969,-1.7888483",2,NA,NA,LANBIDE,724,ESPAÑA,ESPAÑA,1,ÁLAVA,['ÁLAVA'],ÁLAVA,NA,NA,1.1729187,NA,NA,Activa,1,03003,REPONEDORES,REPONEDORES,3,TECNICO/A-REPONEDOR/A DE MAQUINAS DE VENDING,1,http://apps.lanbide.euskadi.net/apps/OF_DETALLE_OFERTA_TRABAJO?LG=C&ML=OFEMEN1&MS=Eaaa&CTRG=1&ORGN=LG&IDRG=162018012044,NA,NA,NA
18,INGENIERÍA/CALIDAD/CIENCIAS,INGENIERÍA/CALIDAD/CIENCIAS,20059,Oñati,NA,16,PAÍS VASCO,"RECOGER ACTA EN LAS REUNIONES DE CONCOR DE INCIDENCIAS DE MAQUINA, ACTUALIZAR LOS DATOS DE ADMINISTRACION DEL AREA DE CALIDAD. ACTUALZIAR DIAPOSITIVAS, INFORMACIONES E INDICADORESDE LAS REUNIONES CONCOR Y COMITES DE LINEA ( NO ESTAN PRESENTES, PERO SALEN DATOS Y ACCIONES), REALLIZAR LOS INFORMES DE RECHAZO, EXCEL, MACROEXCEL FORMULAS Y TABLAS DINAMICAS Y RELACIONAR GRAFICOS. REQUISITO IMPRESCINDIBLE CICLO FORMATIVO DE GRADO SUPERIOR DE ADMINISTRACION, DOMINIO DE EXCEL, SE VALORARA EXPERIENCIA EN TRABAJOS SI",NA,False,6,"FP II, Ciclo de Grado Superior",06024,"Otras Titulaciones (FP 2, ciclos grado superior)","FP II, Ciclo de Grado Superior",NA,False,2018-11-01T00:21:56Z,2018-11-01T00:00:00Z,2018-11-01T00:00:00Z,2018-11-01T01:05:05Z,NA,1670979431,NA,NA,"43.0341127,-2.4171658",2,NA,NA,LANBIDE,724,ESPAÑA,ESPAÑA,20,GUIPÚZCOA,['GUIPÚZCOA'],GUIPÚZCOA,NA,NA,1.1729187,NA,NA,Activa,1,18001,CALIDAD,CALIDAD,3,ADMINISTRATIVO CALIDAD,1,http://apps.lanbide.euskadi.net/apps/OF_DETALLE_OFERTA_TRABAJO?LG=C&ML=OFEMEN1&MS=Eaaa&CTRG=1&ORGN=LG&IDRG=162018012045,NA,NA,NA
08,CONDUCTORES/TRANSPORTE,CONDUCTORES/TRANSPORTE,17079,Girona,NA,9,CATALUÑA,es necessita conductor taxi per girona capital amb experiència en el sector inprescindible tenir (català b2 l'ESO o graduat escolar) es balorara l'anglès.conductor taxi,taxi girona,True,NA,NA,NA,NA,NA,NA,False,2018-11-01T17:35:38Z,2018-11-01T00:00:00Z,2018-11-01T00:00:00Z,2018-11-01T01:05:05Z,NA,1671429747,1,COMPLETA,"41.9794005,2.8214264",NA,NA,NA,SOC,724,ESPAÑA,ESPAÑA,17,GIRONA,['GIRONA'],GIRONA,NA,NA,1.1729187,NA,NA,Activa,1,08002,TRANSPORTE DE PERSONAS O MERCANCIAS,TRANSPORTE DE PERSONAS O MERCANCIAS,2,conductor,1,http://feinaactiva.gencat.cat/web/guest/home?p_p_id=jobsLocator_WAR_psocwebjobslocator&p_p_lifecycle=0&p_p_state=maximized&p_p_mode=view&_jobsLocator_WAR_psocwebjobslocator_struts_action=%2Fjobslocator%2FprocessView&saveLastPath=0&jobCode=4361484,NA,NA,NA
23,VIGILANCIA/SERVICIOS,VIGILANCIA/SERVICIOS,18182,Ugíjar,NA,1,ANDALUCÍA,"Funciones propias de la categoria de ordenanza, grupo V según VI convenio del colectivo del personal laboral al servicio de la administración de la Junta de Andalucía, control de entradas-salidas, porteo dentro de las dependencias, custodian llaves, recepcionan llamadas y documentos, alumbrado del centro, cierre.",Oficina del Servicio Andaluz de Empleo,False,NA,NA,NA,NA,NA,NA,False,2018-11-01T07:33:24Z,2018-11-01T00:00:00Z,2018-11-01T00:00:00Z,2018-11-01T01:05:05Z,NA,1671078126,1,COMPLETA,"36.9619832,-3.0538639",NA,NA,NA,SAE,724,ESPAÑA,ESPAÑA,18,GRANADA,['GRANADA'],GRANADA,NA,1000,1.1729187,NA,NA,Activa,1,23002,ORDENANZAS/CONSERJES,ORDENANZAS/CONSERJES,3,ORDENANZAS,1,https://ws054.juntadeandalucia.es/eureka2/eureka-demandantes/detalleOferta.do?ofertaId=660746&tipoOferta=01&origen=&listado=true,NA,NA,NA
01,ADMINISTRACIÓN,ADMINISTRACIÓN,18087,Granada,NA,1,ANDALUCÍA,"TE CONTAMOS SOBRE EL PROYECTO... La Asociación sin ánimo de lucro Llueven Culturas, es una ONG con perspectiva pacifista, humanitaria e igualitaria en pro de los derechos humanos y  queremos aportar nuestro grano de arena para mejorar o prevenir las  desigualdades sociales. Actualmente estamos colaborando con el Área de Igualdad de la Diputación Provincial de Granada en un proyecto para trabajar la educación afectivo sexual en jóvenes y adolescentes mediante talleres y charlas en colegios e institutos, para favorecer unas relaciones interpersonales sanas, basadas en el respeto y la equidad, como forma de construcción de la identidad de género y relaciones entre iguales, ofreciéndoles también, el acceso a los recursos existentes en esta materia, como fuente de información. OBJETIVOS DEL PUESTO: • Colaborar en el desarrollo del proyecto. • Impartir talleres  dirigidos a jóvenes y adolescent",NA,False,NA,NA,NA,NA,NA,NA,False,2018-11-01T09:03:59Z,2018-11-01T00:00:00Z,2018-11-01T00:00:00Z,2018-11-01T01:05:05Z,NA,1671078127,NA,NA,"37.1773363,-3.5985571",NA,NA,NA,HACESFALTA,724,ESPAÑA,ESPAÑA,18,GRANADA,['GRANADA'],GRANADA,NA,18001,1.1729187,NA,NA,Activa,1,01005,RECURSOS HUMANOS/PERSONAL,RECURSOS HUMANOS/PERSONAL,4,Sexólogo/a,1,http://www.hacesfalta.org/oportunidades/remuneradas/detalle/sexologo-a/154055,NA,NA,NA
01,ADMINISTRACIÓN,ADMINISTRACIÓN,NA,NA,NA,9,CATALUÑA,Caixer de banca amb tasques comercialsCaixer de banca amb tasques comercials,EMPRESA BANCÀRIA (BT - VIDRERES),False,7,Diplomado o Ingeniero Técnico,NA,NA,Diplomado o Ingeniero Técnico,NA,False,2018-11-01T03:22:53Z,2018-11-01T00:00:00Z,2018-11-01T00:00:00Z,2018-11-01T01:05:05Z,NA,1671034173,1,COMPLETA,"41.9794005,2.8214264",NA,NA,NA,SOC,724,ESPAÑA,ESPAÑA,17,GIRONA,['GIRONA'],GIRONA,NA,NA,1.1729187,NA,NA,Activa,1,01002,BANCA/SEGUROS,BANCA/SEGUROS,2,Caixer/a de banca,1,http://feinaactiva.gencat.cat/web/guest/home?p_p_id=jobsLocator_WAR_psocwebjobslocator&p_p_lifecycle=0&p_p_state=maximized&p_p_mode=view&_jobsLocator_WAR_psocwebjobslocator_struts_action=%2Fjobslocator%2FprocessView&saveLastPath=0&jobCode=4361436,NA,NA,NA
13,EDUCACIÓN/SERVICIOS SOCIALES,EDUCACIÓN/SERVICIOS SOCIALES,NA,NA,NA,2,ARAGÓN,"Se selecciona persona con formación en musicoterapia para realizar sesiones individuales con niños y adolescentes con Trastorno del Espectro del Autismo y/o otras condiciones que limitan su desempeño autónomo.  Se ofrece contrato de 10h semanales a realizar en tres tardes entre semana, durante todo el curso escolar en la población de Monzón (Huesca).   Se requiere formación en muscoterapia. Se valorará experiencia en este ámbito.",NA,False,NA,NA,NA,NA,NA,NA,False,2018-11-01T00:08:49Z,2018-11-01T00:00:00Z,2018-11-01T00:00:00Z,2018-11-01T01:05:05Z,NA,1670979365,NA,NA,"41.6488226,-0.8890853",NA,NA,NA,HACESFALTA,724,ESPAÑA,ESPAÑA,50,ZARAGOZA,['ZARAGOZA'],ZARAGOZA,NA,12000,1.1729187,NA,NA,Activa,1,13008,FORMACIÓN PROFESIONAL,FORMACIÓN PROFESIONAL,4,Musicoterapeuta,1,http://www.hacesfalta.org/oportunidades/remuneradas/detalle/musicoterapeuta/154008,NA,NA,NA
16,HOSTELERÍA/TURISMO,HOSTELERÍA/TURISMO,33044,Oviedo,NA,3,PRINCIPADO DE ASTURIAS,"Asociación Centro Trama, para su delegación en Asturias, selecciona tres auxiliares educadores para intervención directa con menores en situación de riesgo o conflicto social.",NA,False,6,"FP II, Ciclo de Grado Superior",06024,"Otras Titulaciones (FP 2, ciclos grado superior)","FP II, Ciclo de Grado Superior",NA,False,2018-11-01T00:08:49Z,2018-11-01T00:00:00Z,2018-11-01T00:00:00Z,2018-11-01T01:05:05Z,NA,1670979364,NA,NA,"43.3619145,-5.8493887",NA,NA,NA,HACESFALTA,724,ESPAÑA,ESPAÑA,33,ASTURIAS,['ASTURIAS'],ASTURIAS,NA,18001,1.1729187,NA,NA,Activa,1,16005,COCINEROS,COCINEROS,NA,Auxiliar de educador,3,http://www.hacesfalta.org/oportunidades/remuneradas/detalle/auxiliar-de-educador-/154007,NA,NA,NA
